{
"type": "FeatureCollection",
"generator": "overpass-turbo",
"copyright": "The data included in this document is from www.openstreetmap.org. The data is made available under ODbL.",
"timestamp": "2026-09-30T12:19:51Z",
"name": "mrt_exits",
"features": [
{"type":"Feature","id":"node/473325684","properties":{"@id":"node/473325684","name":"6號出口 (國家圖書館)","name:en":"Exit 6 (National Central Library)","name:zh":"6號出口 (國家圖書館)","railway":"subway_entrance","ref":"6","wheelchair":"no"},"geometry":{"type":"Point","coordinates":[121.5164871,25.0356898]}},
{"type":"Feature","id":"node/868703351","properties":{"@id":"node/868703351","name":"南湖高中","railway":"subway_entrance","ref":"2","wheelchair":"yes"},"geometry":{"type":"Point","coordinates":[121.6111256,25.0671621]}},
{"type":"Feature","id":"node/870131998","properties":{"@id":"node/870131998","addr:city":"臺北市","addr:country":"TW","addr:district":"南港區","addr:full":"115臺北市南港區忠孝東路6段451號","addr:housenumber":"451","addr:postcode":"115","addr:street":"忠孝東路6段","bicycle":"yes","name":"捷運昆陽站 (4號出口)","name:zh":"捷運昆陽站 (4號出口)","railway":"subway_entrance","ref":"4"},"geometry":{"type":"Point","coordinates":[121.5937946,25.0505613]}},
{"type":"Feature","id":"node/870132006","properties":{"@id":"node/870132006","addr:city":"臺北市","addr:city:en":"Taipei","addr:country":"TW","addr:district":"南港區","addr:full":"115臺北市南港區忠孝東路六段451號","addr:housenumber":"451","addr:postcode":"115","addr:street":"忠孝東路六段","bicycle":"yes","name":"捷運昆陽站 (1號出口)","railway":"subway_entrance","ref":"1","wheelchair":"yes"},"geometry":{"type":"Point","coordinates":[121.5927254,25.0502865]}},
{"type":"Feature","id":"node/1224128131","properties":{"@id":"node/1224128131","name":"1","railway":"subway_entrance","ref":"1","wheelchair":"yes","wikimedia_commons":"File:新店區公所站一號出口.JPG"},"geometry":{"type":"Point","coordinates":[121.54106,24.967501]}},
{"type":"Feature","id":"node/1224128466","properties":{"@id":"node/1224128466","name":"2","railway":"subway_entrance","ref":"2","wikimedia_commons":"File:新店區公所站二號出口.jpg"},"geometry":{"type":"Point","coordinates":[121.5417467,24.9679237]}},
{"type":"Feature","id":"node/1224950079","properties":{"@id":"node/1224950079","name":"出口 2","name:en":"Exit 2","name:zh":"出口 2","name:zh-Hant":"出口 2","railway":"subway_entrance","ref":"2","start_date":"1999-11-11","wheelchair":"no","wikimedia_commons":"File:Dapinglin_Station_Exit2.jpg"},"geometry":{"type":"Point","coordinates":[121.5416052,24.9821556]}},
{"type":"Feature","id":"node/1224950597","properties":{"@id":"node/1224950597","name":"出口 1","name:en":"Exit 1","name:zh":"出口 1","name:zh-Hant":"出口 1","railway":"subway_entrance","ref":"1","wheelchair":"no"},"geometry":{"type":"Point","coordinates":[121.5409901,24.9827813]}},
{"type":"Feature","id":"node/1224984864","properties":{"@id":"node/1224984864","name":"2號出口 (景美國中)","name:en":"EXIT 2 (Jingmei Junior High School)","name:zh":"2號出口 (景美國中)","railway":"subway_entrance","ref":"2","wheelchair":"no"},"geometry":{"type":"Point","coordinates":[121.5415809,24.9930469]}},
{"type":"Feature","id":"node/1224984891","properties":{"@id":"node/1224984891","name":"1號出口 (景行綜合大樓)","name:en":"EXIT 1 (Jingxing General Buliding)","name:zh":"1號出口 (景行綜合大樓)","railway":"subway_entrance","ref":"1"},"geometry":{"type":"Point","coordinates":[121.5408724,24.9920409]}},
{"type":"Feature","id":"node/1224984898","properties":{"@id":"node/1224984898","name":"3號出口 (景福街)","name:en":"EXIT 3 (Jingfu Street)","name:zh":"3號出口 (景福街)","railway":"subway_entrance","ref":"3","wheelchair":"no"},"geometry":{"type":"Point","coordinates":[121.5406599,24.9930508]}},
{"type":"Feature","id":"node/1336186415","properties":{"@id":"node/1336186415","name":"捷運國父紀念館站2號出口","name:en":"MRT Sun Yat-Sen Memorial Hall Station Exit 2","name:zh":"捷運國父紀念館站2號出口","name:zh-Hans":"捷运国父纪念馆站2号出口","name:zh-Hant":"捷運國父紀念館站2號出口","railway":"subway_entrance","ref":"2","wheelchair":"no"},"geometry":{"type":"Point","coordinates":[121.5567071,25.0410616]}},
{"type":"Feature","id":"node/1336186416","properties":{"@id":"node/1336186416","name":"捷運國父紀念館站1號出口","name:en":"MRT Sun Yatsen Memorial Hall Station Exit 1","name:zh":"捷運國父紀念館站1號出口","name:zh-Hans":"捷运国父纪念馆站1号出口","name:zh-Hant":"捷運國父紀念館站1號出口","railway":"subway_entrance","ref":"1"},"geometry":{"type":"Point","coordinates":[121.5566759,25.0416285]}},
{"type":"Feature","id":"node/1336186433","properties":{"@id":"node/1336186433","access":"no","name":"捷運國父紀念館站5號出口","name:en":"MRT Sun Yat-Sen Memorial Hall Station Exit 5","name:zh":"捷運國父紀念館站5號出口","name:zh-Hans":"捷运国父纪念馆站5号出口","name:zh-Hant":"捷運國父紀念館站5號出口","railway":"subway_entrance","ref":"5","wheelchair":"yes"},"geometry":{"type":"Point","coordinates":[121.5583674,25.0417587]}},
{"type":"Feature","id":"node/1336186434","properties":{"@id":"node/1336186434","name":"捷運國父紀念館站3號出口","name:en":"MRT Sun Yat-Sen Memorial Hall Station Exit 3","name:zh":"捷運國父紀念館站3號出口","railway":"subway_entrance","ref":"3","wheelchair":"no"},"geometry":{"type":"Point","coordinates":[121.5579355,25.0411393]}},
{"type":"Feature","id":"node/1336186435","properties":{"@id":"node/1336186435","name":"捷運國父紀念館站4號出口","name:en":"MRT Sun Yat-Sen Memorial Hall Station Exit 4","name:zh":"捷運國父紀念館站4號出口","name:zh-Hans":"捷运国父纪念馆站4号出口","name:zh-Hant":"捷運國父紀念館站4號出口","railway":"subway_entrance","ref":"4","wheelchair":"yes"},"geometry":{"type":"Point","coordinates":[121.5584193,25.041112]}},
{"type":"Feature","id":"node/1448642325","properties":{"@id":"node/1448642325","name":"二號出口","railway":"subway_entrance","ref":"2"},"geometry":{"type":"Point","coordinates":[121.4850977,25.1373465]}},
{"type":"Feature","id":"node/1501340092","properties":{"@id":"node/1501340092","name":"捷運市政府站2號出口","name:en":"MRT Taipei City Hall Station Exit 2","name:zh":"捷運市政府站2號出口","name:zh-Hans":"捷运市政府站2号出口","name:zh-Hant":"捷運市政府站2號出口","railway":"subway_entrance","ref":"2","wheelchair":"yes"},"geometry":{"type":"Point","coordinates":[121.5651356,25.0408029]}},
{"type":"Feature","id":"node/2075746450","properties":{"@id":"node/2075746450","name":"龍山寺捷運站3號出口","name:zh":"龍山寺捷運站3號出口","railway":"subway_entrance","wheelchair":"no"},"geometry":{"type":"Point","coordinates":[121.5016032,25.0353574]}},
{"type":"Feature","id":"node/2075746451","properties":{"@id":"node/2075746451","name":"龍山寺捷運站2號出口","name:zh":"龍山寺捷運站2號出口","railway":"subway_entrance","ref":"2","toilets:wheelchair":"yes","wheelchair":"yes"},"geometry":{"type":"Point","coordinates":[121.4999932,25.0349843]}},
{"type":"Feature","id":"node/2075746454","properties":{"@id":"node/2075746454","name":"龍山寺捷運站1號出口","name:zh":"龍山寺捷運站1號出口","railway":"subway_entrance","wheelchair":"yes"},"geometry":{"type":"Point","coordinates":[121.4996523,25.0354814]}},
{"type":"Feature","id":"node/2094829585","properties":{"@id":"node/2094829585","name":"出口 3 (古亭市場)","name:en":"EXIT 3 (Guting Market)","name:zh":"出口 3 (古亭市場)","railway":"subway_entrance","ref":"3","toilets:wheelchair":"no","wheelchair":"limited"},"geometry":{"type":"Point","coordinates":[121.5235062,25.0258958]}},
{"type":"Feature","id":"node/2132228052","properties":{"@id":"node/2132228052","bicycle":"no","name":"捷運市政府站4號出口","name:en":"MRT Taipei City Hall Station Exit 4","name:zh":"捷運市政府站4號出口","railway":"subway_entrance","wheelchair":"no"},"geometry":{"type":"Point","coordinates":[121.5671911,25.0412567]}},
{"type":"Feature","id":"node/2312395332","properties":{"@id":"node/2312395332","check_date:wheelchair":"2021-05-18","name":"2號出口 (景隆街)","name:en":"Exit 2 (Jinglong Street)","name:zh":"2號出口 (景隆街)","railway":"subway_entrance","ref":"2","wheelchair":"no"},"geometry":{"type":"Point","coordinates":[121.5395605,25.0014712]}},
{"type":"Feature","id":"node/2312428062","properties":{"@id":"node/2312428062","check_date:wheelchair":"2023-11-18","name":"3號出口 (武功國小)","name:en":"Exit 3 (Wugong Elementary School)","name:zh":"3號出口 (武功國小)","railway":"subway_entrance","ref":"3","wheelchair":"no"},"geometry":{"type":"Point","coordinates":[121.5390653,25.0022072]}},
{"type":"Feature","id":"node/2312428063","properties":{"@id":"node/2312428063","name":"4號出口 (萬和公園)","name:en":"Exit 4 (Wanhe Park)","name:zh":"4號出口 (萬和公園)","railway":"subway_entrance","ref":"4"},"geometry":{"type":"Point","coordinates":[121.5385237,25.0026935]}},
{"type":"Feature","id":"node/2312428064","properties":{"@id":"node/2312428064","check_date:wheelchair":"2022-04-20","name":"1號出口 (萬隆街)","name:en":"Exit 1 (Wanlong Street)","name:zh":"1號出口 (萬隆街)","railway":"subway_entrance","ref":"1","wheelchair":"no"},"geometry":{"type":"Point","coordinates":[121.5389852,25.0014776]}},
{"type":"Feature","id":"node/2325438252","properties":{"@id":"node/2325438252","name":"菜寮站出口3","railway":"subway_entrance","ref":"3"},"geometry":{"type":"Point","coordinates":[121.4920798,25.0605065]}},
{"type":"Feature","id":"node/2325438253","properties":{"@id":"node/2325438253","name":"菜寮站出口1","railway":"subway_entrance","ref":"1"},"geometry":{"type":"Point","coordinates":[121.4907756,25.0596165]}},
{"type":"Feature","id":"node/2325438255","properties":{"@id":"node/2325438255","name":"菜寮站出口2","railway":"subway_entrance","ref":"2","source":"Bing"},"geometry":{"type":"Point","coordinates":[121.4911234,25.0593567]}},
{"type":"Feature","id":"node/2385082105","properties":{"@id":"node/2385082105","name":"出口 4 (晉江街)","name:en":"EXIT 4 (Jinjiang St.)","name:zh":"出口 4 (晉江街)","railway":"subway_entrance","ref":"4","wheelchair":"no"},"geometry":{"type":"Point","coordinates":[121.5274029,25.0210093]}},
{"type":"Feature","id":"node/2385085956","properties":{"@id":"node/2385085956","name":"出口 5 (客家文化主題公園)","name:en":"EXIT 5 (Taipei Hakka Cultural Park)","name:zh":"出口 5 (客家文化主題公園)","railway":"subway_entrance","ref":"5"},"geometry":{"type":"Point","coordinates":[121.5277159,25.0207174]}},
{"type":"Feature","id":"node/2385089391","properties":{"@id":"node/2385089391","name":"出口 1 (台電大樓)","name:en":"EXIT 1 (Taipower Building)","name:zh":"出口 1 (台電大樓)","railway":"subway_entrance","ref":"1","wheelchair":"no"},"geometry":{"type":"Point","coordinates":[121.528673,25.0196196]}},
{"type":"Feature","id":"node/2385089393","properties":{"@id":"node/2385089393","name":"出口 3 (師大路)","name:en":"EXIT 3 (Shida Rd.)","name:zh":"出口 3 (師大路)","railway":"subway_entrance","ref":"3","wheelchair":"no"},"geometry":{"type":"Point","coordinates":[121.5279004,25.0211995]}},
{"type":"Feature","id":"node/2385089394","properties":{"@id":"node/2385089394","name":"出口 2 (古亭國小)","name:en":"EXIT 2 (Guting Elementary School)","name:zh":"出口 2 (古亭國小)","railway":"subway_entrance","ref":"2","wheelchair":"no"},"geometry":{"type":"Point","coordinates":[121.5291145,25.0201763]}},
{"type":"Feature","id":"node/2399952145","properties":{"@id":"node/2399952145","description":"祇設有樓梯及往地面電扶梯 Escalator towards surface and Staircase only","name":"捷運頭前庄站 (2號出口)","name:en":"MRT Touqianzhuang Sta. (Exit 2)","name:zh":"捷運頭前庄站 (2號出口)","railway":"subway_entrance","ref":"2","wheelchair":"limited"},"geometry":{"type":"Point","coordinates":[121.4608386,25.0389965]}},
{"type":"Feature","id":"node/2399952146","properties":{"@id":"node/2399952146","description":"設有電梯及雙向電扶梯 Lift and Escalator available","name":"捷運頭前庄站 (1號出口)","name:en":"MRT Touqianzhuang Sta. (Exit 1)","name:zh":"捷運頭前庄站 (1號出口)","railway":"subway_entrance","ref":"1","wheelchair":"yes"},"geometry":{"type":"Point","coordinates":[121.4605447,25.0397765]}},
{"type":"Feature","id":"node/2399952148","properties":{"@id":"node/2399952148","description":"祇設有樓梯及往地面電扶梯 Escalator towards surface and Staircase only","name":"捷運頭前庄站 (3號出口)","name:en":"MRT Touqianzhuang Sta. (Exit 3)","name:zh":"捷運頭前庄站 (3號出口)","railway":"subway_entrance","ref":"3","wheelchair":"no"},"geometry":{"type":"Point","coordinates":[121.4620379,25.0397135]}},
{"type":"Feature","id":"node/2399952151","properties":{"@id":"node/2399952151","description":"祇設有樓梯及往地面電扶梯 Escalator towards surface and Staircase only","name":"捷運頭前庄站 (4號出口)","name:en":"MRT Touqianzhuang Sta. (Exit 4)","name:zh":"捷運頭前庄站 (4號出口)","railway":"subway_entrance","ref":"4"},"geometry":{"type":"Point","coordinates":[121.4622696,25.0403788]}},
{"type":"Feature","id":"node/2405739533","properties":{"@id":"node/2405739533","name":"捷運板橋2號出口","name:en":"MRT Banqiao Station Exit 2","name:zh":"捷運板橋2號出口","railway":"subway_entrance","ref":"2"},"geometry":{"type":"Point","coordinates":[121.4625448,25.0132087]}},
{"type":"Feature","id":"node/2405739562","properties":{"@id":"node/2405739562","name":"捷運板橋1號出口","name:en":"MRT Banqiao Station Exit 1","name:zh":"捷運板橋1號出口","railway":"subway_entrance","ref":"1","wheelchair":"no"},"geometry":{"type":"Point","coordinates":[121.4618214,25.0132148]}},
{"type":"Feature","id":"node/2405739607","properties":{"@id":"node/2405739607","name":"捷運板橋站3號出口","name:en":"MRT Banqiao Station Exit 3","name:zh":"捷運板橋站3號出口","railway":"subway_entrance","ref":"3","wheelchair":"no"},"geometry":{"type":"Point","coordinates":[121.4625917,25.0145759]}},
{"type":"Feature","id":"node/2406854840","properties":{"@id":"node/2406854840","exit_to":"遠東百貨","name":"西門捷運站3號出口","railway":"subway_entrance","ref":"3","wheelchair":"no"},"geometry":{"type":"Point","coordinates":[121.5087156,25.041837]}},
{"type":"Feature","id":"node/2406854847","properties":{"@id":"node/2406854847","name":"西門捷運站1號出口","railway":"subway_entrance","ref":"1","toilets:wheelchair":"yes","wheelchair":"yes"},"geometry":{"type":"Point","coordinates":[121.5076176,25.0421049]}},
{"type":"Feature","id":"node/2406854854","properties":{"@id":"node/2406854854","name":"西門捷運站4號出口","railway":"subway_entrance","ref":"4","toilets:wheelchair":"yes","wheelchair":"limited"},"geometry":{"type":"Point","coordinates":[121.5089022,25.0422117]}},
{"type":"Feature","id":"node/2406854856","properties":{"@id":"node/2406854856","exit_to":"西門徒步區","name":"西門捷運站6號出口","railway":"subway_entrance","ref":"6","toilets:wheelchair":"yes","wheelchair":"yes"},"geometry":{"type":"Point","coordinates":[121.5077239,25.0425347]}},
{"type":"Feature","id":"node/2407886711","properties":{"@id":"node/2407886711","level":"0","railway":"subway_entrance","ref":"1","wheelchair":"no"},"geometry":{"type":"Point","coordinates":[121.5203064,25.0524422]}},
{"type":"Feature","id":"node/2417265249","properties":{"@id":"node/2417265249","name":"出口3","name:zh":"出口3","name:zh-Hans":"出口3","name:zh-Hant":"出口3","railway":"subway_entrance"},"geometry":{"type":"Point","coordinates":[121.6155208,25.0600552]}},
{"type":"Feature","id":"node/2441331728","properties":{"@id":"node/2441331728","name":"出口 1 (民生東路)","name:en":"EXIT 1 (Minsheng E. Rd.)","name:zh":"出口 1 (民生東路)","railway":"subway_entrance","ref":"1","wheelchair":"no"},"geometry":{"type":"Point","coordinates":[121.5329864,25.0581208]}},
{"type":"Feature","id":"node/2441345996","properties":{"@id":"node/2441345996","level":"0","railway":"subway_entrance","ref":"1","wheelchair":"yes"},"geometry":{"type":"Point","coordinates":[121.5194908,25.0625569]}},
{"type":"Feature","id":"node/2457951069","properties":{"@id":"node/2457951069","level":"0","name":"三重捷運站1號出口","railway":"subway_entrance","ref":"1"},"geometry":{"type":"Point","coordinates":[121.4831989,25.0553272]}},
{"type":"Feature","id":"node/2457951075","properties":{"@id":"node/2457951075","name":"三重捷運站2號出口","railway":"subway_entrance","ref":"2","wheelchair":"yes"},"geometry":{"type":"Point","coordinates":[121.4844799,25.0555356]}},
{"type":"Feature","id":"node/2457951078","properties":{"@id":"node/2457951078","name":"三重捷運站3號出口","railway":"subway_entrance","ref":"3"},"geometry":{"type":"Point","coordinates":[121.4850294,25.0559698]}},
{"type":"Feature","id":"node/2461753319","properties":{"@id":"node/2461753319","name":"捷運新埔站2號出口","name:en":"MRT Xinpu Station Exit 2","name:zh":"捷運新埔站2號出口","railway":"subway_entrance","ref":"2"},"geometry":{"type":"Point","coordinates":[121.4681692,25.0222525]}},
{"type":"Feature","id":"node/2461753324","properties":{"@id":"node/2461753324","name":"捷運新埔站3號出口","name:en":"MRT Xinpu Station Exit 3","name:zh":"捷運新埔站3號出口","railway":"subway_entrance","ref":"3","wheelchair":"no"},"geometry":{"type":"Point","coordinates":[121.4686471,25.0227136]}},
{"type":"Feature","id":"node/2461753325","properties":{"@id":"node/2461753325","layer":"1","name":"捷運新埔站1號出口","name:en":"MRT Xinpu Station Exit 1","name:zh":"捷運新埔站1號出口","railway":"subway_entrance","ref":"1","wheelchair":"no"},"geometry":{"type":"Point","coordinates":[121.4675125,25.0231097]}},
{"type":"Feature","id":"node/2461753331","properties":{"@id":"node/2461753331","name":"捷運新埔站5號出口","name:en":"MRT Xinpu Station Exit 5","name:zh":"捷運新埔站5號出口","railway":"subway_entrance","ref":"5"},"geometry":{"type":"Point","coordinates":[121.4680953,25.0242259]}},
{"type":"Feature","id":"node/2480231490","properties":{"@id":"node/2480231490","railway":"subway_entrance","ref":"2","wheelchair":"yes"},"geometry":{"type":"Point","coordinates":[121.4226106,25.0287024]}},
{"type":"Feature","id":"node/2480231491","properties":{"@id":"node/2480231491","railway":"subway_entrance","ref":"1"},"geometry":{"type":"Point","coordinates":[121.4223677,25.0290001]}},
{"type":"Feature","id":"node/2480231493","properties":{"@id":"node/2480231493","name":"出口3 (福營路)","name:en":"Exit 3 (Fuyin Road)","name:zh":"出口3 (福營路)","railway":"subway_entrance","ref":"3","wheelchair":"no"},"geometry":{"type":"Point","coordinates":[121.4366034,25.0327206]}},
{"type":"Feature","id":"node/2480231494","properties":{"@id":"node/2480231494","name":"出口1 (輔仁大學)","name:en":"Exit 1 (Fu Jen Catholic University)","name:zh":"出口1 (輔仁大學)","railway":"subway_entrance","ref":"1","wheelchair":"yes"},"geometry":{"type":"Point","coordinates":[121.4352385,25.0328893]}},
{"type":"Feature","id":"node/2480231495","properties":{"@id":"node/2480231495","name":"出口4 (三泰路)","name:en":"Exit 4 (Santai Road)","name:zh":"出口4 (三泰路)","railway":"subway_entrance","ref":"4","wheelchair":"no"},"geometry":{"type":"Point","coordinates":[121.4365581,25.0331753]}},
{"type":"Feature","id":"node/2480231500","properties":{"@id":"node/2480231500","name":"出口2 (新莊國中)","name:en":"Exit 2 (Xinzhuang Junior High School)","name:zh":"出口2 (新莊國中)","railway":"subway_entrance","wheelchair":"yes"},"geometry":{"type":"Point","coordinates":[121.4525762,25.0360186]}},
{"type":"Feature","id":"node/2480231501","properties":{"@id":"node/2480231501","building":"public","government":"healthcare","name":"出口1 (新莊區衛生所)","name:en":"Exit 1 (Xinzhuang District Public Health Center)","name:zh":"出口1 (新莊區衛生所)","railway":"subway_entrance","ref":"1","wheelchair":"yes"},"geometry":{"type":"Point","coordinates":[121.4524244,25.0362996]}},
{"type":"Feature","id":"node/2481340623","properties":{"@id":"node/2481340623","name":"捷運迴龍站2號出口","name:zh":"捷運迴龍站2號出口","railway":"subway_entrance","toilets:wheelchair":"no","wheelchair":"no"},"geometry":{"type":"Point","coordinates":[121.4109282,25.0210542]}},
{"type":"Feature","id":"node/2481340627","properties":{"@id":"node/2481340627","name":"捷運迴龍站1號出口","name:zh":"捷運迴龍站1號出口","railway":"subway_entrance","toilets:wheelchair":"yes","wheelchair":"yes"},"geometry":{"type":"Point","coordinates":[121.4113122,25.0218627]}},
{"type":"Feature","id":"node/2481340630","properties":{"@id":"node/2481340630","name":"捷運迴龍站3號出口","name:zh":"捷運迴龍站3號出口","railway":"subway_entrance","wheelchair":"yes"},"geometry":{"type":"Point","coordinates":[121.4124653,25.022449]}},
{"type":"Feature","id":"node/2494951251","properties":{"@id":"node/2494951251","name":"永寧捷運站2號出口","name:en":"Yongning MRT station Exit 2","name:zh":"永寧捷運站2號出口","railway":"subway_entrance","ref":"2"},"geometry":{"type":"Point","coordinates":[121.4357989,24.9659771]}},
{"type":"Feature","id":"node/2494951252","properties":{"@id":"node/2494951252","name":"永寧捷運站1號出口","name:en":"Yongning MRT station Exit 1","name:zh":"永寧捷運站1號出口","railway":"subway_entrance","ref":"1"},"geometry":{"type":"Point","coordinates":[121.4355691,24.9666697]}},
{"type":"Feature","id":"node/2494951253","properties":{"@id":"node/2494951253","name":"永寧捷運站3號出口","name:en":"Yongning MRT station Exit 3","name:zh":"永寧捷運站3號出口","railway":"subway_entrance","ref":"3"},"geometry":{"type":"Point","coordinates":[121.4371063,24.9672149]}},
{"type":"Feature","id":"node/2494951254","properties":{"@id":"node/2494951254","name":"永寧捷運站4號出口","name:en":"Yongning MRT station Exit 4","name:zh":"永寧捷運站4號出口","railway":"subway_entrance","ref":"4"},"geometry":{"type":"Point","coordinates":[121.4368392,24.9675096]}},
{"type":"Feature","id":"node/2498534021","properties":{"@id":"node/2498534021","name":"出口 (重新路一段)","name:en":"EXIT 1 (Chongxin Road Sec. 1)","name:zh":"出口 (重新路一段)","railway":"subway_entrance","wheelchair":"yes"},"geometry":{"type":"Point","coordinates":[121.5002113,25.0629337]}},
{"type":"Feature","id":"node/2511203020","properties":{"@id":"node/2511203020","level":"2","railway":"subway_entrance","ref":"3"},"geometry":{"type":"Point","coordinates":[121.5558098,25.0843933]}},
{"type":"Feature","id":"node/2511203021","properties":{"@id":"node/2511203021","level":"1","railway":"subway_entrance","ref":"2"},"geometry":{"type":"Point","coordinates":[121.5553025,25.0845358]}},
{"type":"Feature","id":"node/2511203022","properties":{"@id":"node/2511203022","level":"2","railway":"subway_entrance","ref":"1"},"geometry":{"type":"Point","coordinates":[121.555248,25.0852517]}},
{"type":"Feature","id":"node/2511220962","properties":{"@id":"node/2511220962","name":"捷運出入口2","railway":"subway_entrance","wheelchair":"yes"},"geometry":{"type":"Point","coordinates":[121.5671434,25.0819375]}},
{"type":"Feature","id":"node/2511220967","properties":{"@id":"node/2511220967","name":"捷運出入口1","name:en":"MRT Exit 1","name:zh":"捷運出入口1","railway":"subway_entrance","wheelchair":"yes"},"geometry":{"type":"Point","coordinates":[121.5668,25.0823578]}},
{"type":"Feature","id":"node/2511224837","properties":{"@id":"node/2511224837","name":"捷運出入口2","railway":"subway_entrance"},"geometry":{"type":"Point","coordinates":[121.5748413,25.0800281]}},
{"type":"Feature","id":"node/2511224954","properties":{"@id":"node/2511224954","name":"捷運出入口1","railway":"subway_entrance","wheelchair":"yes"},"geometry":{"type":"Point","coordinates":[121.5757774,25.0801253]}},
{"type":"Feature","id":"node/2511228131","properties":{"@id":"node/2511228131","name":"捷運出入口1","railway":"subway_entrance"},"geometry":{"type":"Point","coordinates":[121.5857659,25.0787138]}},
{"type":"Feature","id":"node/2511228637","properties":{"@id":"node/2511228637","name":"捷運出入口2","railway":"subway_entrance"},"geometry":{"type":"Point","coordinates":[121.5846528,25.0783324]}},
{"type":"Feature","id":"node/2518475589","properties":{"@id":"node/2518475589","name":"出口 (三重國小)","name:en":"EXIT (Sanchong Elementary School)","name:zh":"出口 (三重國小)","railway":"subway_entrance","wheelchair":"yes"},"geometry":{"type":"Point","coordinates":[121.4967784,25.0706686]}},
{"type":"Feature","id":"node/2564616739","properties":{"@id":"node/2564616739","railway":"subway_entrance","ref":"3"},"geometry":{"type":"Point","coordinates":[121.5327057,25.0510912]}},
{"type":"Feature","id":"node/2564616740","properties":{"@id":"node/2564616740","railway":"subway_entrance","ref":"2"},"geometry":{"type":"Point","coordinates":[121.5327084,25.0513077]}},
{"type":"Feature","id":"node/2564616741","properties":{"@id":"node/2564616741","railway":"subway_entrance","ref":"4"},"geometry":{"type":"Point","coordinates":[121.5331759,25.0514991]}},
{"type":"Feature","id":"node/2564616742","properties":{"@id":"node/2564616742","name":"捷運松江南京7號出口","railway":"subway_entrance","ref":"7","wheelchair":"no"},"geometry":{"type":"Point","coordinates":[121.5331635,25.0524544]}},
{"type":"Feature","id":"node/2564616743","properties":{"@id":"node/2564616743","name":"捷運松江南京8號出口","railway":"subway_entrance","ref":"8","wheelchair":"yes"},"geometry":{"type":"Point","coordinates":[121.5327854,25.0526194]}},
{"type":"Feature","id":"node/2599387522","properties":{"@id":"node/2599387522","highway":"elevator","name":"7號出口 (中央銀行)","name:en":"Exit 7 (Central Bank)","name:zh":"7號出口 (中央銀行)","railway":"subway_entrance","ref":"7","wheelchair":"no"},"geometry":{"type":"Point","coordinates":[121.5158443,25.0345962]}},
{"type":"Feature","id":"node/2608084898","properties":{"@id":"node/2608084898","name":"出口2 (復興路)","name:en":"Fuxing Road","name:zh":"出口2 (復興路)","railway":"subway_entrance","ref":"2","wheelchair":"no"},"geometry":{"type":"Point","coordinates":[121.4735819,25.0856572]}},
{"type":"Feature","id":"node/2608084901","properties":{"@id":"node/2608084901","name":"出口1 (三民路)","name:en":"Sanmin Road","name:zh":"出口1 (三民路)","railway":"subway_entrance","ref":"1","wheelchair":"yes"},"geometry":{"type":"Point","coordinates":[121.472703,25.0856805]}},
{"type":"Feature","id":"node/2615789340","properties":{"@id":"node/2615789340","name":"捷運江子翠站5號出口","name:en":"MRT Jiangzicui Station Exit 5","name:zh":"捷運江子翠站5號出口","railway":"subway_entrance","ref":"5","wheelchair":"no"},"geometry":{"type":"Point","coordinates":[121.4735061,25.0310465]}},
{"type":"Feature","id":"node/2615814286","properties":{"@id":"node/2615814286","name":"捷運江子翠站6號出口","name:en":"MRT Jiangzicui Station Exit 6","name:zh":"捷運江子翠站6號出口","railway":"subway_entrance","ref":"6"},"geometry":{"type":"Point","coordinates":[121.4731152,25.0311135]}},
{"type":"Feature","id":"node/2618719363","properties":{"@id":"node/2618719363","name":"出口 3","railway":"subway_entrance","ref":"3","wheelchair":"yes"},"geometry":{"type":"Point","coordinates":[121.5109745,25.035341]}},
{"type":"Feature","id":"node/2618719367","properties":{"@id":"node/2618719367","name":"出口 4","railway":"subway_entrance","ref":"4","wheelchair":"no"},"geometry":{"type":"Point","coordinates":[121.5115271,25.0352126]}},
{"type":"Feature","id":"node/2618719370","properties":{"@id":"node/2618719370","check_date:wheelchair":"2022-12-20","name":"出口 2","railway":"subway_entrance","ref":"2","wheelchair":"no"},"geometry":{"type":"Point","coordinates":[121.5098783,25.0357182]}},
{"type":"Feature","id":"node/2618719378","properties":{"@id":"node/2618719378","name":"出口 1","railway":"subway_entrance","ref":"1","wheelchair":"no"},"geometry":{"type":"Point","coordinates":[121.50973,25.0364222]}},
{"type":"Feature","id":"node/2622769196","properties":{"@id":"node/2622769196","level":"0","railway":"subway_entrance","ref":"1","wheelchair":"yes"},"geometry":{"type":"Point","coordinates":[121.515347,25.1148318]}},
{"type":"Feature","id":"node/2622770959","properties":{"@id":"node/2622770959","level":"0","railway":"subway_entrance","ref":"2","wheelchair":"yes"},"geometry":{"type":"Point","coordinates":[121.5162464,25.1135311]}},
{"type":"Feature","id":"node/2638382213","properties":{"@id":"node/2638382213","name":"捷運江子翠站3號出口","name:en":"MRT Jiangzicui Station Exit 3","name:zh":"捷運江子翠站3號出口","railway":"subway_entrance","ref":"3","wheelchair":"yes"},"geometry":{"type":"Point","coordinates":[121.4723041,25.0295135]}},
{"type":"Feature","id":"node/2652063385","properties":{"@id":"node/2652063385","railway":"subway_entrance","ref":"1","wheelchair":"no"},"geometry":{"type":"Point","coordinates":[121.515781,25.0409985]}},
{"type":"Feature","id":"node/2652063388","properties":{"@id":"node/2652063388","railway":"subway_entrance","ref":"2","wheelchair":"no"},"geometry":{"type":"Point","coordinates":[121.5167309,25.0411832]}},
{"type":"Feature","id":"node/2652063391","properties":{"@id":"node/2652063391","name":"出口 3","name:zh":"出口 3","name:zh-Hans":"出口 3","name:zh-Hant":"出口 3","railway":"subway_entrance","ref":"3","wheelchair":"yes"},"geometry":{"type":"Point","coordinates":[121.5167015,25.0429163]}},
{"type":"Feature","id":"node/2652063392","properties":{"@id":"node/2652063392","check_date:wheelchair":"2024-04-19","name":"出口 4","name:zh":"出口 4","name:zh-Hans":"出口 4","name:zh-Hant":"出口 4","railway":"subway_entrance","ref":"4","wheelchair":"no"},"geometry":{"type":"Point","coordinates":[121.51626,25.042766]}},
{"type":"Feature","id":"node/2713678334","properties":{"@id":"node/2713678334","level":"0","name":"1號出口 (中央北路)","railway":"subway_entrance","ref":"1"},"geometry":{"type":"Point","coordinates":[121.4731848,25.1310651]}},
{"type":"Feature","id":"node/2718780534","properties":{"@id":"node/2718780534","level":"-1","name":"捷運台北101/世貿站4號出口","name:en":"MRT Taipei 101/World Trade Center Station Exit 4","name:zh":"捷運台北101/世貿站4號出口","railway":"subway_entrance","ref":"4"},"geometry":{"type":"Point","coordinates":[121.5644215,25.0333408]}},
{"type":"Feature","id":"node/2737014061","properties":{"@id":"node/2737014061","check_date:wheelchair":"2026-08-07","name":"出口 6 (善導寺)","name:en":"EXIT 6 (Shandao Temple)","name:zh":"出口 6 (善導寺)","railway":"subway_entrance","ref":"6","wheelchair":"no"},"geometry":{"type":"Point","coordinates":[121.5249146,25.044593]}},
{"type":"Feature","id":"node/2737014090","properties":{"@id":"node/2737014090","name":"出口 1 (警政署)","name:en":"EXIT 1 (National Police Agency)","name:zh":"出口 1 (警政署)","railway":"subway_entrance","ref":"1","wheelchair":"no"},"geometry":{"type":"Point","coordinates":[121.5230212,25.0450527]}},
{"type":"Feature","id":"node/2737317118","properties":{"@id":"node/2737317118","check_date:wheelchair":"2026-08-07","name":"出口 2 (台北喜來登大飯店)","name:en":"EXIT 2 (Sheraton Grande Taipei Hotel)","name:zh":"出口 2 (台北喜來登大飯店)","railway":"subway_entrance","ref":"2","wheelchair":"no"},"geometry":{"type":"Point","coordinates":[121.5229828,25.0447366]}},
{"type":"Feature","id":"node/2744857478","properties":{"@id":"node/2744857478","name":"出口 4 (青島社區)","name:en":"EXIT 4 (Qingdao Community)","name:zh":"出口 4 (青島社區)","railway":"subway_entrance","ref":"4","wheelchair":"no"},"geometry":{"type":"Point","coordinates":[121.5242329,25.0440921]}},
{"type":"Feature","id":"node/2757790370","properties":{"@id":"node/2757790370","name":"出口 3 (成功高中)","name:en":"EXIT 3 (Chenggong High School)","name:zh":"出口 3 (成功高中)","railway":"subway_entrance","ref":"3","wheelchair":"yes"},"geometry":{"type":"Point","coordinates":[121.523722,25.0444745]}},
{"type":"Feature","id":"node/2763592450","properties":{"@id":"node/2763592450","name":"捷運頂溪站2號出口","name:en":"MRT Dingxi Station Exit 2","name:zh":"捷運頂溪站2號出口","railway":"subway_entrance","ref":"2","wheelchair":"no"},"geometry":{"type":"Point","coordinates":[121.515482,25.0141961]}},
{"type":"Feature","id":"node/2763592451","properties":{"@id":"node/2763592451","name":"捷運頂溪站1號出口","name:en":"MRT Dingxi Station Exit 1","name:zh":"捷運頂溪站1號出口","railway":"subway_entrance","ref":"1","wheelchair":"yes"},"geometry":{"type":"Point","coordinates":[121.5153576,25.0127097]}},
{"type":"Feature","id":"node/2776684638","properties":{"@id":"node/2776684638","check_date:wheelchair":"2026-09-06","name":"出口 2 (忠孝公園)","name:en":"Exit 2 (Zhongxiao Park)","name:zh":"出口 2 (忠孝公園)","railway":"subway_entrance","ref":"2","wheelchair":"yes"},"geometry":{"type":"Point","coordinates":[121.5320982,25.0421284]}},
{"type":"Feature","id":"node/2776684639","properties":{"@id":"node/2776684639","check_date:wheelchair":"2024-04-27","name":"出口 1 (忠孝國小)","name:en":"Exit 1 (Zhongxiao Elementary School)","name:zh":"出口 1 (忠孝國小)","railway":"subway_entrance","ref":"1","wheelchair":"no"},"geometry":{"type":"Point","coordinates":[121.5318588,25.0427391]}},
{"type":"Feature","id":"node/2787383688","properties":{"@id":"node/2787383688","level":"0","name":"忠孝敦化站出入口3","railway":"subway_entrance","ref":"3","wheelchair":"limited"},"geometry":{"type":"Point","coordinates":[121.5516769,25.041306]}},
{"type":"Feature","id":"node/2793283545","properties":{"@id":"node/2793283545","name":"2號出口 (南門市場)","name:en":"Exit 2 (Nanmen Market)","name:zh":"2號出口 (南門市場)","railway":"subway_entrance","ref":"2","wheelchair":"no"},"geometry":{"type":"Point","coordinates":[121.5182504,25.0324727]}},
{"type":"Feature","id":"node/2793283548","properties":{"@id":"node/2793283548","name":"3號出口 (金華街)","name:en":"Exit 3 (Jinhua St.)","name:zh":"3號出口 (金華街)","railway":"subway_entrance","ref":"3","wheelchair":"no"},"geometry":{"type":"Point","coordinates":[121.5189104,25.0321781]}},
{"type":"Feature","id":"node/2793285506","properties":{"@id":"node/2793285506","description":"M8出口 公園路","level":"0","railway":"subway_entrance","ref":"M8","wheelchair":"no"},"geometry":{"type":"Point","coordinates":[121.5175029,25.0457834]}},
{"type":"Feature","id":"node/2793285507","properties":{"@id":"node/2793285507","level":"0","name":"M1","railway":"subway_entrance","ref":"M1","wheelchair":"no"},"geometry":{"type":"Point","coordinates":[121.5181697,25.048253]}},
{"type":"Feature","id":"node/2793285508","properties":{"@id":"node/2793285508","level":"0","name":"M2","railway":"subway_entrance","ref":"M2","wheelchair":"no"},"geometry":{"type":"Point","coordinates":[121.5190094,25.0480916]}},
{"type":"Feature","id":"node/2806281129","properties":{"@id":"node/2806281129","name":"內湖捷運站1號出口","railway":"subway_entrance","ref":"1"},"geometry":{"type":"Point","coordinates":[121.593863,25.0833327]}},
{"type":"Feature","id":"node/2820050058","properties":{"@id":"node/2820050058","name":"捷運海山站1號出口","name:en":"Haishan Station Exit 1","name:zh":"捷運海山站1號出口","railway":"subway_entrance"},"geometry":{"type":"Point","coordinates":[121.4486339,24.9853298]}},
{"type":"Feature","id":"node/2961147707","properties":{"@id":"node/2961147707","name":"出口 3","name:en":"Exit 3","name:zh":"出口 3","name:zh-Hant":"出口 3","railway":"subway_entrance","ref":"3","wheelchair":"yes"},"geometry":{"type":"Point","coordinates":[121.5415917,24.9831161]}},
{"type":"Feature","id":"node/2982429251","properties":{"@id":"node/2982429251","name":"皓月樓出入口","railway":"subway_entrance"},"geometry":{"type":"Point","coordinates":[121.3681802,24.9412834]}},
{"type":"Feature","id":"node/2982945109","properties":{"@id":"node/2982945109","name":"出口1 (三民路)","name:en":"EXIT 1 (Sanmin Road)","name:zh":"出口1 (三民路)","railway":"subway_entrance","ref":"1","wheelchair":"no"},"geometry":{"type":"Point","coordinates":[121.4647574,25.0913271]}},
{"type":"Feature","id":"node/2982945110","properties":{"@id":"node/2982945110","name":"出口2 (捷運廣場)","name:en":"EXIT 2 (Metro Plaza)","name:zh":"出口2 (捷運廣場)","railway":"subway_entrance","ref":"2","wheelchair":"yes"},"geometry":{"type":"Point","coordinates":[121.4648773,25.0916636]}},
{"type":"Feature","id":"node/2982945111","properties":{"@id":"node/2982945111","name":"出口3 (中正路)","name:en":"EXIT 3 (Zhongzheng Road)","name:zh":"出口3 (中正路)","railway":"subway_entrance","ref":"3","wheelchair":"no"},"geometry":{"type":"Point","coordinates":[121.4642781,25.0918553]}},
{"type":"Feature","id":"node/2984524119","properties":{"@id":"node/2984524119","name":"出口1 (徐匯中學)","name:en":"EXIT 1 (St. Ignatius High School)","name:zh":"出口1 (徐匯中學)","railway":"subway_entrance","ref":"1","wheelchair":"no"},"geometry":{"type":"Point","coordinates":[121.4798001,25.0803374]}},
{"type":"Feature","id":"node/2984524120","properties":{"@id":"node/2984524120","name":"出口2 (永安北路二段)","name:en":"EXIT 2 (Yongan N. Road Sec.2)","name:zh":"出口2 (永安北路二段)","railway":"subway_entrance","ref":"2","wheelchair":"yes"},"geometry":{"type":"Point","coordinates":[121.4804759,25.0803725]}},
{"type":"Feature","id":"node/2991819315","properties":{"@id":"node/2991819315","name":"出口1 (三和國中)","name:en":"EXIT 1 (Sanhe Junior High School)","name:zh":"出口1 (三和國中)","railway":"subway_entrance","ref":"1","wheelchair":"yes"},"geometry":{"type":"Point","coordinates":[121.4863195,25.076616]}},
{"type":"Feature","id":"node/2991819316","properties":{"@id":"node/2991819316","name":"出口2 (三和路四段)","name:en":"EXIT 2 (Sanhe Road Sec. 4)","name:zh":"出口2 (三和路四段)","railway":"subway_entrance","ref":"2","wheelchair":"no"},"geometry":{"type":"Point","coordinates":[121.486517,25.0769845]}},
{"type":"Feature","id":"node/3019852232","properties":{"@id":"node/3019852232","level":"0","name":"出口3 (松山區行政中心)","name:en":"Exit 3 (Songshan District Administration Center)","name:zh":"出口3 (松山區行政中心)","railway":"subway_entrance","ref":"3","wheelchair":"no"},"geometry":{"type":"Point","coordinates":[121.5775111,25.049902]}},
{"type":"Feature","id":"node/3019852735","properties":{"@id":"node/3019852735","level":"0","name":"出口4 (八德路四段)","name:en":"Exit 4 (Bade Road Sec. 4)","name:zh":"出口4 (八德路四段)","railway":"subway_entrance","ref":"4","wheelchair":"no"},"geometry":{"type":"Point","coordinates":[121.5780166,25.0498935]}},
{"type":"Feature","id":"node/3019852749","properties":{"@id":"node/3019852749","level":"0","name":"出口2 (松山市場)","name:en":"Exit 2 (Songshan Market)","name:zh":"出口2 (松山市場)","railway":"subway_entrance","ref":"2","wheelchair":"no"},"geometry":{"type":"Point","coordinates":[121.5760864,25.0501396]}},
{"type":"Feature","id":"node/3019852750","properties":{"@id":"node/3019852750","level":"0","name":"出口1 (饒河街觀光夜市)","name:en":"Exit 1 (Raohe St. Night Market)","name:zh":"出口1 (饒河街觀光夜市)","railway":"subway_entrance","ref":"1","wheelchair":"no"},"geometry":{"type":"Point","coordinates":[121.5771381,25.0501588]}},
{"type":"Feature","id":"node/3019852752","properties":{"@id":"node/3019852752","level":"0","name":"出口5 (松山國小)","name:en":"Exit 5 (Songshan Elementary School)","name:zh":"出口5 (松山國小)","railway":"subway_entrance","ref":"5","wheelchair":"no"},"geometry":{"type":"Point","coordinates":[121.5779119,25.0504949]}},
{"type":"Feature","id":"node/3019870848","properties":{"@id":"node/3019870848","name":"捷運市政府站3號出口","name:en":"MRT Taipei City Hall Station Exit 3","name:zh":"捷運市政府站3號出口","name:zh-Hant":"捷運市政府站3號出口","railway":"subway_entrance","ref":"3"},"geometry":{"type":"Point","coordinates":[121.567027,25.0407446]}},
{"type":"Feature","id":"node/3019870850","properties":{"@id":"node/3019870850","name":"捷運市政府站1號出口","name:en":"MRT Taipei City Hall Station Exit 1","name:zh":"捷運市政府站1號出口","name:zh-Hans":"捷运市政府站1号出口","name:zh-Hant":"捷運市政府站1號出口","railway":"subway_entrance","ref":"1","wheelchair":"no"},"geometry":{"type":"Point","coordinates":[121.565482,25.0413122]}},
{"type":"Feature","id":"node/3034546863","properties":{"@id":"node/3034546863","addr:city":"臺北市","addr:country":"TW","addr:district":"大同區","addr:full":"103022臺北市大同區南京西路55號","addr:housenumber":"55","addr:postcode":"103022","addr:street":"南京西路","railway":"subway_entrance","ref":"5"},"geometry":{"type":"Point","coordinates":[121.5194092,25.0530361]}},
{"type":"Feature","id":"node/3043949034","properties":{"@id":"node/3043949034","name":"出口 2 (救國團)","name:en":"EXIT 2 (China Youth Corps)","name:zh":"出口 2 (救國團)","railway":"subway_entrance","ref":"2","wheelchair":"no"},"geometry":{"type":"Point","coordinates":[121.5334431,25.0587355]}},
{"type":"Feature","id":"node/3050253123","properties":{"@id":"node/3050253123","name":"八德路緊急出口","railway":"subway_entrance"},"geometry":{"type":"Point","coordinates":[121.5348071,25.0449798]}},
{"type":"Feature","id":"node/3050255126","properties":{"@id":"node/3050255126","name":"新生南路緊急出口","railway":"subway_entrance"},"geometry":{"type":"Point","coordinates":[121.5325984,25.0455611]}},
{"type":"Feature","id":"node/3055733036","properties":{"@id":"node/3055733036","name":"2號出口 (銘傳國小)","name:en":"Exit 2 (Mingchuan Elementary School)","name:zh":"2號出口 (銘傳國小)","railway":"subway_entrance","ref":"2"},"geometry":{"type":"Point","coordinates":[121.5347346,25.0147307]}},
{"type":"Feature","id":"node/3055733037","properties":{"@id":"node/3055733037","name":"3號出口 (臺灣大學)","name:en":"Exit 3 (National Taiwan University)","name:zh":"3號出口 (臺灣大學)","railway":"subway_entrance","ref":"3","wheelchair":"no"},"geometry":{"type":"Point","coordinates":[121.5340837,25.0154147]}},
{"type":"Feature","id":"node/3055733038","properties":{"@id":"node/3055733038","name":"4號出口 (三總汀州院區)","name:en":"Exit 4 (Tri-Service General Hospital Tingzhou Branch)","name:zh":"4號出口 (三總汀州院區)","railway":"subway_entrance","ref":"4","wheelchair":"no"},"geometry":{"type":"Point","coordinates":[121.5336682,25.0151527]}},
{"type":"Feature","id":"node/3065310818","properties":{"@id":"node/3065310818","name":"七張站2號出口","railway":"subway_entrance","ref":"2","wheelchair":"no"},"geometry":{"type":"Point","coordinates":[121.5426981,24.976947]}},
{"type":"Feature","id":"node/3065312804","properties":{"@id":"node/3065312804","name":"七張站1號出口","railway":"subway_entrance","ref":"1"},"geometry":{"type":"Point","coordinates":[121.5431124,24.9749338]}},
{"type":"Feature","id":"node/3075089498","properties":{"@id":"node/3075089498","name":"出口 2 (同安街)","name:en":"EXIT 2 (Tongan St.)","name:zh":"出口 2 (同安街)","railway":"subway_entrance","ref":"2","wheelchair":"no"},"geometry":{"type":"Point","coordinates":[121.5233505,25.0255574]}},
{"type":"Feature","id":"node/3075092733","properties":{"@id":"node/3075092733","highway":"elevator","level":"-1;0","name":"出口 1 (同安街)","name:en":"EXIT 1 (Tongan St.)","name:zh":"出口 1 (同安街)","railway":"subway_entrance","ref":"1","wheelchair":"yes"},"geometry":{"type":"Point","coordinates":[121.5229577,25.026094]}},
{"type":"Feature","id":"node/3076871479","properties":{"@id":"node/3076871479","name":"西門地下街4號出入口","railway":"subway_entrance","ref":"4","wheelchair":"no"},"geometry":{"type":"Point","coordinates":[121.5092445,25.0446311]}},
{"type":"Feature","id":"node/3076880931","properties":{"@id":"node/3076880931","name":"西門地下街3號出入口","railway":"subway_entrance","ref":"3","wheelchair":"limited"},"geometry":{"type":"Point","coordinates":[121.5090942,25.0441293]}},
{"type":"Feature","id":"node/3076882276","properties":{"@id":"node/3076882276","name":"西門地下街6號出入口","railway":"subway_entrance","ref":"6","wheelchair":"no"},"geometry":{"type":"Point","coordinates":[121.509391,25.0450346]}},
{"type":"Feature","id":"node/3076882277","properties":{"@id":"node/3076882277","access":"no","name":"西門地下街5號出入口","railway":"subway_entrance","ref":"5"},"geometry":{"type":"Point","coordinates":[121.5094692,25.044658]}},
{"type":"Feature","id":"node/3076885833","properties":{"@id":"node/3076885833","name":"西門地下街2號出入口","railway":"subway_entrance","ref":"2","wheelchair":"no"},"geometry":{"type":"Point","coordinates":[121.5090987,25.0439791]}},
{"type":"Feature","id":"node/3076885841","properties":{"@id":"node/3076885841","name":"西門捷運站5號出口","name:zh":"西門捷運站5號出口","name:zh-Hans":"西门捷运站5号出口","name:zh-Hant":"西門捷運站5號出口","railway":"subway_entrance","ref":"5","wheelchair":"no"},"geometry":{"type":"Point","coordinates":[121.5087497,25.0429355]}},
{"type":"Feature","id":"node/3079656795","properties":{"@id":"node/3079656795","name":"出口4 (麥帥一橋)","name:en":"Exit 4 (MacArthur Bridge 1)","name:zh":"出口4 (麥帥一橋)","railway":"subway_entrance","ref":"4","wheelchair":"no"},"geometry":{"type":"Point","coordinates":[121.5647398,25.0515603]}},
{"type":"Feature","id":"node/3087727935","properties":{"@id":"node/3087727935","name":"出口 4","name:en":"Exit 4","name:zh":"出口 4","name:zh-Hant":"出口 4","railway":"subway_entrance","ref":"4","wheelchair":"no"},"geometry":{"type":"Point","coordinates":[121.5414929,24.9835521]}},
{"type":"Feature","id":"node/3100255230","properties":{"@id":"node/3100255230","level":"0","railway":"subway_entrance","ref":"6","wheelchair":"no"},"geometry":{"type":"Point","coordinates":[121.5189009,25.0627388]}},
{"type":"Feature","id":"node/3100680570","properties":{"@id":"node/3100680570","name":"出口 5 (華山市場)","name:en":"EXIT 5 (Huashan Market)","name:zh":"出口 5 (華山市場)","railway":"subway_entrance","ref":"5","wheelchair":"no"},"geometry":{"type":"Point","coordinates":[121.5247989,25.0443001]}},
{"type":"Feature","id":"node/3105610982","properties":{"@id":"node/3105610982","level":"0","name":"忠孝敦化站出入口6","railway":"subway_entrance","ref":"6"},"geometry":{"type":"Point","coordinates":[121.5491784,25.0410902]}},
{"type":"Feature","id":"node/3105611480","properties":{"@id":"node/3105611480","level":"0","name":"忠孝敦化站出入口8","railway":"subway_entrance","ref":"8"},"geometry":{"type":"Point","coordinates":[121.5491934,25.0419322]}},
{"type":"Feature","id":"node/3105665740","properties":{"@id":"node/3105665740","level":"0","name":"忠孝敦化站出入口5","railway":"subway_entrance","ref":"5"},"geometry":{"type":"Point","coordinates":[121.5497565,25.0413482]}},
{"type":"Feature","id":"node/3105665933","properties":{"@id":"node/3105665933","level":"0","name":"忠孝敦化站出入口7","railway":"subway_entrance","ref":"7","wheelchair":"no"},"geometry":{"type":"Point","coordinates":[121.5498973,25.0416597]}},
{"type":"Feature","id":"node/3105666330","properties":{"@id":"node/3105666330","level":"0","railway":"subway_entrance","ref":"4"},"geometry":{"type":"Point","coordinates":[121.550524,25.0413306]}},
{"type":"Feature","id":"node/3111004284","properties":{"@id":"node/3111004284","level":"0","railway":"subway_entrance","ref":"4","wheelchair":"no"},"geometry":{"type":"Point","coordinates":[121.5203301,25.0528572]}},
{"type":"Feature","id":"node/3120640924","properties":{"@id":"node/3120640924","name":"出口 3 敦化北路","name:en":"Exit 3 Dunhua N. Rd.","name:zh":"出口 3 敦化北路","railway":"subway_entrance","ref":"3","wheelchair":"yes"},"geometry":{"type":"Point","coordinates":[121.551753,25.0630062]}},
{"type":"Feature","id":"node/3121796776","properties":{"@id":"node/3121796776","highway":"elevator","name":"1號出口 (勞保局)","name:en":"Exit 1 (Bureau of Labor Insurance)","name:zh":"1號出口 (勞保局)","railway":"subway_entrance","ref":"1","wheelchair":"no"},"geometry":{"type":"Point","coordinates":[121.5175743,25.0333895]}},
{"type":"Feature","id":"node/3121796777","properties":{"@id":"node/3121796777","name":"4號出口 (林森南路)","name:en":"Exit 4 (Linsen S. Rd.)","name:zh":"4號出口 (林森南路)","railway":"subway_entrance","ref":"4","wheelchair":"no"},"geometry":{"type":"Point","coordinates":[121.5179256,25.0334806]}},
{"type":"Feature","id":"node/3121796778","properties":{"@id":"node/3121796778","name":"5號出口 (中正紀念堂)","name:en":"Exit 5 (C. K. S. Memorial Hall)","name:zh":"5號出口 (中正紀念堂)","railway":"subway_entrance","ref":"5","wheelchair":"no"},"geometry":{"type":"Point","coordinates":[121.5171086,25.0351892]}},
{"type":"Feature","id":"node/3125988496","properties":{"@id":"node/3125988496","level":"0","name":"出口 1","name:en":"EXIT 1","name:zh":"出口 1","railway":"subway_entrance","ref":"1","wheelchair":"yes"},"geometry":{"type":"Point","coordinates":[121.5799472,24.9982708]}},
{"type":"Feature","id":"node/3125988497","properties":{"@id":"node/3125988497","level":"0","name":"出口 2","name:en":"EXIT 2","name:zh":"出口 2","railway":"subway_entrance","ref":"2","wheelchair":"yes"},"geometry":{"type":"Point","coordinates":[121.5793856,24.9980195]}},
{"type":"Feature","id":"node/3131389219","properties":{"@id":"node/3131389219","name":"捷運海山站2號出口","name:en":"Haishan Station Exit 2","name:zh":"捷運海山站2號出口","railway":"subway_entrance","toilets:wheelchair":"yes","wheelchair":"yes"},"geometry":{"type":"Point","coordinates":[121.4489578,24.9853473]}},
{"type":"Feature","id":"node/3131389227","properties":{"@id":"node/3131389227","name":"捷運海山站3號出口","name:en":"Exit 3","name:zh":"捷運海山站3號出口","railway":"subway_entrance","wheelchair":"no"},"geometry":{"type":"Point","coordinates":[121.4492608,24.9862809]}},
{"type":"Feature","id":"node/3145881246","properties":{"@id":"node/3145881246","name":"出口 4 (師範大學)","name:en":"EXIT 4 (N.T.N.U.)","name:nan":"4 hō chhut-kháu (Tâi-oân Su-hoān Tāi-ha̍k)","name:nan-Hant":"出口 4 (師範大學)","name:nan-Latn-pehoeji":"4 hō chhut-kháu (Tâi-oân Su-hoān Tāi-ha̍k)","name:nan-Latn-tailo":"4-hō tshut-kháu (Tâi-uân Su-huān Tāi-ha̍k)","name:zh":"出口 4 (師範大學)","railway":"subway_entrance","ref":"4","wheelchair":"no"},"geometry":{"type":"Point","coordinates":[121.5229811,25.0265939]}},
{"type":"Feature","id":"node/3145881251","properties":{"@id":"node/3145881251","check_date:wheelchair":"2024-02-03","name":"出口 5 (和平東路一段)","name:en":"EXIT 5 (Heping E. Rd. Sec. 1)","name:zh":"出口 5 (和平東路一段)","railway":"subway_entrance","ref":"5","wheelchair":"no"},"geometry":{"type":"Point","coordinates":[121.5228268,25.0272093]}},
{"type":"Feature","id":"node/3145881252","properties":{"@id":"node/3145881252","name":"出口 6 (杭州南路)","name:en":"EXIT 6 (Hangzhou S. Rd.)","name:zh":"出口 6 (杭州南路)","railway":"subway_entrance","ref":"6","wheelchair":"no"},"geometry":{"type":"Point","coordinates":[121.522286,25.0275531]}},
{"type":"Feature","id":"node/3145881253","properties":{"@id":"node/3145881253","name":"出口 7 國語日報","name:en":"EXIT 7 (Mandarin Daily News)","name:zh":"出口 7 國語日報","name:zh-Hans":"出口 7 国语日报","name:zh-Hans-CN":"出口 7 国语日报","name:zh-Hant":"出口 7 國語日報","name:zh-Hant-TW":"出口 7 國語日報","railway":"subway_entrance","ref":"7","wheelchair":"no"},"geometry":{"type":"Point","coordinates":[121.5217402,25.0277287]}},
{"type":"Feature","id":"node/3145881254","properties":{"@id":"node/3145881254","check_date:wheelchair":"2021-03-07","name":"出口 8 (和平西路一段)","name:en":"EXIT 8 (Heping W. Rd. Sec. 1)","name:zh":"出口 8 (和平西路一段)","railway":"subway_entrance","ref":"8","wheelchair":"no"},"geometry":{"type":"Point","coordinates":[121.5217994,25.027093]}},
{"type":"Feature","id":"node/3145881255","properties":{"@id":"node/3145881255","name":"出口 9 (大都市國際中心)","name:en":"EXIT 9 (Metropolitan International Center)","name:zh":"出口 9 (大都市國際中心)","railway":"subway_entrance","ref":"9","wheelchair":"no"},"geometry":{"type":"Point","coordinates":[121.5224315,25.0267943]}},
{"type":"Feature","id":"node/3159240171","properties":{"@id":"node/3159240171","name":"出口 3 (聯合醫院忠孝院區)","name:en":"EXIT 3 (Taipei City Hospital (Zhongxiao Branch))","name:zh":"出口 3 (聯合醫院忠孝院區)","railway":"subway_entrance","wheelchair":"yes"},"geometry":{"type":"Point","coordinates":[121.583169,25.0452416]}},
{"type":"Feature","id":"node/3159240172","properties":{"@id":"node/3159240172","check_date:wheelchair":"2022-03-07","name":"出口 4 (永吉路)","name:en":"EXIT 4 (Yongji Rd.)","name:zh":"出口 4 (永吉路)","railway":"subway_entrance","wheelchair":"no"},"geometry":{"type":"Point","coordinates":[121.5824776,25.0455353]}},
{"type":"Feature","id":"node/3159240173","properties":{"@id":"node/3159240173","name":"出口 1 (五分埔商圈)","name:en":"EXIT 1 (Wufenpu Commercial Zone)","name:zh":"出口 1 (五分埔商圈)","railway":"subway_entrance","wheelchair":"no"},"geometry":{"type":"Point","coordinates":[121.5815761,25.0443589]}},
{"type":"Feature","id":"node/3159240174","properties":{"@id":"node/3159240174","name":"出口 2 (玉成公園)","name:en":"EXIT 2 (Yucheng Park)","name:zh":"出口 2 (玉成公園)","railway":"subway_entrance","wheelchair":"no"},"geometry":{"type":"Point","coordinates":[121.5819986,25.0439152]}},
{"type":"Feature","id":"node/3160677372","properties":{"@id":"node/3160677372","check_date:wheelchair":"2022-04-15","level":"0","name":"出口 3 (行天宮)","name:en":"EXIT 3 (Xingtian Temple)","name:zh":"出口 3 (行天宮)","railway":"subway_entrance","ref":"3","wheelchair":"no"},"geometry":{"type":"Point","coordinates":[121.5334266,25.0599325]}},
{"type":"Feature","id":"node/3160677373","properties":{"@id":"node/3160677373","level":"0","name":"出口 4 (康華大飯店)","name:en":"EXIT 4 (Golden China Hotel)","name:zh":"出口 4 (康華大飯店)","railway":"subway_entrance","ref":"4","wheelchair":"no"},"geometry":{"type":"Point","coordinates":[121.5329305,25.0604573]}},
{"type":"Feature","id":"node/3162283816","properties":{"@id":"node/3162283816","check_date:wheelchair":"2024-03-09","name":"出口 3","name:en":"EXIT 3","name:zh":"出口 3","name:zh-Hans":"出口 3","name:zh-Hant":"出口 3","railway":"subway_entrance","ref":"3","wheelchair":"yes"},"geometry":{"type":"Point","coordinates":[121.6182412,25.055137]}},
{"type":"Feature","id":"node/3162283817","properties":{"@id":"node/3162283817","name":"出口 4","name:en":"EXIT 4","name:zh":"出口 4","name:zh-Hans":"出口 4","name:zh-Hant":"出口 4","railway":"subway_entrance","ref":"4","wheelchair":"yes"},"geometry":{"type":"Point","coordinates":[121.6182868,25.0553944]}},
{"type":"Feature","id":"node/3162283818","properties":{"@id":"node/3162283818","check_date:wheelchair":"2024-03-09","name":"出口 6 (南港路一段)","name:en":"EXIT 6 (Nangang Rd. Sec. 1)","name:zh":"出口 6 (南港路一段)","name:zh-Hans":"口 6 (南港路一段)","name:zh-Hant":"出口 6 (南港路一段)","railway":"subway_entrance","ref":"6","wheelchair":"no"},"geometry":{"type":"Point","coordinates":[121.6179355,25.0547563]}},
{"type":"Feature","id":"node/3162283819","properties":{"@id":"node/3162283819","name":"出口 5 (研究院路一段)","name:en":"EXIT 5 (Academia Rd. Sec. 1)","name:zh":"出口 5 (研究院路一段)","name:zh-Hans":"出口 5 (研究院路一段)","name:zh-Hant":"出口 5 (研究院路一段)","railway":"subway_entrance","ref":"5","wheelchair":"yes"},"geometry":{"type":"Point","coordinates":[121.6167688,25.0548658]}},
{"type":"Feature","id":"node/3162283820","properties":{"@id":"node/3162283820","name":"出口 7 (誠正國中)","name:en":"EXIT 7 (Chengzheng Junior High School)","name:zh":"出口 7 (誠正國中)","name:zh-Hans":"出口 7 (诚正国中)","name:zh-Hant":"出口 7 (誠正國中)","railway":"subway_entrance","ref":"7","wheelchair":"no"},"geometry":{"type":"Point","coordinates":[121.6181449,25.0540281]}},
{"type":"Feature","id":"node/3162283821","properties":{"@id":"node/3162283821","name":"出口 2A","name:en":"EXIT 2A","name:zh":"出口 2A","name:zh-Hans":"出口 2A","name:zh-Hant":"出口 2A","railway":"subway_entrance","ref":"2A","wheelchair":"yes"},"geometry":{"type":"Point","coordinates":[121.6173016,25.0553051]}},
{"type":"Feature","id":"node/3162283822","properties":{"@id":"node/3162283822","name":"出口 2","name:en":"EXIT 2","name:zh":"出口 2","name:zh-Hans":"出口 2","name:zh-Hant":"出口 2","railway":"subway_entrance","ref":"2","wheelchair":"yes"},"geometry":{"type":"Point","coordinates":[121.6171992,25.0554186]}},
{"type":"Feature","id":"node/3164097071","properties":{"@id":"node/3164097071","name":"捷運台北101/世貿站1號出口","name:en":"MRT Taipei 101/World Trade Center Station Exit 1","name:zh":"捷運台北101/世貿站1號出口","name:zh-Hans":"捷运台北101/世贸站1号出口","name:zh-Hant":"捷運台北101/世貿站1號出口","railway":"subway_entrance","ref":"1","wheelchair":"no"},"geometry":{"type":"Point","coordinates":[121.5617423,25.033126]}},
{"type":"Feature","id":"node/3164097072","properties":{"@id":"node/3164097072","name":"捷運台北101/世貿站5號出口","name:en":"MRT Taipei 101/World Trade Center Station Exit 5","name:zh":"捷運台北101/世貿站5號出口","name:zh-Hans":"捷运台北101/世贸站5号出口","name:zh-Hant":"捷運台北101/世貿站5號出口","railway":"subway_entrance","ref":"5","wheelchair":"no"},"geometry":{"type":"Point","coordinates":[121.5632809,25.0332177]}},
{"type":"Feature","id":"node/3168240174","properties":{"@id":"node/3168240174","name":"出口1","name:zh":"出口1","name:zh-Hans":"出口1","name:zh-Hant":"出口1","railway":"subway_entrance"},"geometry":{"type":"Point","coordinates":[121.6158166,25.0602742]}},
{"type":"Feature","id":"node/3168240175","properties":{"@id":"node/3168240175","name":"出口2","name:zh":"出口2","name:zh-Hans":"出口2","name:zh-Hant":"出口2","railway":"subway_entrance"},"geometry":{"type":"Point","coordinates":[121.6164018,25.0600001]}},
{"type":"Feature","id":"node/3180269352","properties":{"@id":"node/3180269352","name":"捷運永安市場站1號出口","name:en":"MRT Yongan Market Station Exit 1","name:zh":"捷運永安市場站1號出口","railway":"subway_entrance","wheelchair":"yes"},"geometry":{"type":"Point","coordinates":[121.5109503,25.002289]}},
{"type":"Feature","id":"node/3182476397","properties":{"@id":"node/3182476397","name":"出口3 (東興路)","name:en":"Exit 3 (Dongxing Road)","name:zh":"出口3 (東興路)","railway":"subway_entrance","ref":"3","wheelchair":"no"},"geometry":{"type":"Point","coordinates":[121.5645853,25.0512345]}},
{"type":"Feature","id":"node/3182476398","properties":{"@id":"node/3182476398","name":"出口2 (吉祥路)","name:en":"Exit 2 (Jixiang Road)","name:zh":"出口2 (吉祥路)","railway":"subway_entrance","ref":"2","wheelchair":"yes"},"geometry":{"type":"Point","coordinates":[121.5631362,25.0513272]}},
{"type":"Feature","id":"node/3182476401","properties":{"@id":"node/3182476401","name":"出口1 (三民路)","name:en":"Exit 1 (Sanmin Road)","name:zh":"出口1 (三民路)","railway":"subway_entrance","ref":"1","wheelchair":"yes"},"geometry":{"type":"Point","coordinates":[121.5631256,25.0515914]}},
{"type":"Feature","id":"node/3182488910","properties":{"@id":"node/3182488910","name":"捷運小巨蛋站(3號出口)","railway":"subway_entrance","ref":"3","wheelchair":"yes","wikidata":"Q7676270","wikipedia":"zh:台北小巨蛋站"},"geometry":{"type":"Point","coordinates":[121.5525313,25.05134]}},
{"type":"Feature","id":"node/3182488911","properties":{"@id":"node/3182488911","name":"台北小巨蛋站出口4","railway":"subway_entrance","ref":"4","wheelchair":"no","wikidata":"Q7676270","wikipedia":"zh:台北小巨蛋站"},"geometry":{"type":"Point","coordinates":[121.5530726,25.0515003]}},
{"type":"Feature","id":"node/3182488912","properties":{"@id":"node/3182488912","name":"捷運小巨蛋站2號出口","railway":"subway_entrance","ref":"2"},"geometry":{"type":"Point","coordinates":[121.5508576,25.0513839]}},
{"type":"Feature","id":"node/3182488913","properties":{"@id":"node/3182488913","name":"南京復興站5號出口","railway":"subway_entrance","ref":"5"},"geometry":{"type":"Point","coordinates":[121.5445711,25.0516917]}},
{"type":"Feature","id":"node/3182488914","properties":{"@id":"node/3182488914","railway":"subway_entrance","ref":"2","wheelchair":"yes"},"geometry":{"type":"Point","coordinates":[121.5418246,25.0516583]}},
{"type":"Feature","id":"node/3182488915","properties":{"@id":"node/3182488915","railway":"subway_entrance","ref":"4"},"geometry":{"type":"Point","coordinates":[121.5431895,25.0517203]}},
{"type":"Feature","id":"node/3182488916","properties":{"@id":"node/3182488916","railway":"subway_entrance","ref":"3"},"geometry":{"type":"Point","coordinates":[121.5429729,25.0517198]}},
{"type":"Feature","id":"node/3182488919","properties":{"@id":"node/3182488919","name":"捷運小巨蛋站五號出口","railway":"subway_entrance","ref":"5"},"geometry":{"type":"Point","coordinates":[121.5520383,25.0518684]}},
{"type":"Feature","id":"node/3182488920","properties":{"@id":"node/3182488920","railway":"subway_entrance","ref":"1"},"geometry":{"type":"Point","coordinates":[121.5514393,25.0518746]}},
{"type":"Feature","id":"node/3182488921","properties":{"@id":"node/3182488921","railway":"subway_entrance","ref":"6"},"geometry":{"type":"Point","coordinates":[121.5448944,25.0519627]}},
{"type":"Feature","id":"node/3182488922","properties":{"@id":"node/3182488922","name":"8號出口","railway":"subway_entrance","ref":"8"},"geometry":{"type":"Point","coordinates":[121.5436194,25.0519909]}},
{"type":"Feature","id":"node/3182488923","properties":{"@id":"node/3182488923","railway":"subway_entrance","ref":"7","toilets:wheelchair":"yes","wheelchair":"yes"},"geometry":{"type":"Point","coordinates":[121.5442259,25.0521637]}},
{"type":"Feature","id":"node/3182488926","properties":{"@id":"node/3182488926","railway":"subway_entrance","ref":"1","wheelchair":"yes"},"geometry":{"type":"Point","coordinates":[121.5422446,25.0525682]}},
{"type":"Feature","id":"node/3182497059","properties":{"@id":"node/3182497059","railway":"subway_entrance","ref":"6","wheelchair":"yes"},"geometry":{"type":"Point","coordinates":[121.5444452,25.0519676]}},
{"type":"Feature","id":"node/3182565879","properties":{"@id":"node/3182565879","name":"1號出入口","railway":"subway_entrance","ref":"1","wheelchair":"yes"},"geometry":{"type":"Point","coordinates":[121.5323465,25.0518104]}},
{"type":"Feature","id":"node/3182567464","properties":{"@id":"node/3182567464","name":"6號出入口","railway":"subway_entrance","ref":"6","wheelchair":"no"},"geometry":{"type":"Point","coordinates":[121.5337341,25.0521585]}},
{"type":"Feature","id":"node/3182588061","properties":{"@id":"node/3182588061","name":"5號出入口","railway":"subway_entrance","ref":"5"},"geometry":{"type":"Point","coordinates":[121.5341565,25.0518781]}},
{"type":"Feature","id":"node/3185537679","properties":{"@id":"node/3185537679","name":"出口1","name:zh":"出口1","name:zh-Hans":"出口1","name:zh-Hant":"出口1","railway":"subway_entrance","ref":"2"},"geometry":{"type":"Point","coordinates":[121.6172423,25.0558346]}},
{"type":"Feature","id":"node/3186011785","properties":{"@id":"node/3186011785","railway":"subway_entrance","ref":"1"},"geometry":{"type":"Point","coordinates":[121.5098218,25.0488122]}},
{"type":"Feature","id":"node/3186011786","properties":{"@id":"node/3186011786","railway":"subway_entrance","ref":"2"},"geometry":{"type":"Point","coordinates":[121.5105751,25.0493688]}},
{"type":"Feature","id":"node/3186011787","properties":{"@id":"node/3186011787","railway":"subway_entrance","ref":"3"},"geometry":{"type":"Point","coordinates":[121.510139,25.049929]}},
{"type":"Feature","id":"node/3186011829","properties":{"@id":"node/3186011829","railway":"subway_entrance","ref":"2"},"geometry":{"type":"Point","coordinates":[121.5211447,25.0523796]}},
{"type":"Feature","id":"node/3186011832","properties":{"@id":"node/3186011832","railway":"subway_entrance","ref":"3","wheelchair":"no"},"geometry":{"type":"Point","coordinates":[121.5211897,25.0526046]}},
{"type":"Feature","id":"node/3186011838","properties":{"@id":"node/3186011838","railway":"subway_entrance","ref":"6","wheelchair":"yes"},"geometry":{"type":"Point","coordinates":[121.518973,25.0527825]}},
{"type":"Feature","id":"node/3192472090","properties":{"@id":"node/3192472090","level":"0","railway":"subway_entrance","ref":"R1"},"geometry":{"type":"Point","coordinates":[121.5190203,25.0486703]}},
{"type":"Feature","id":"node/3198206532","properties":{"@id":"node/3198206532","level":"0","railway":"subway_entrance","ref":"2"},"geometry":{"type":"Point","coordinates":[121.5434768,25.0412002]}},
{"type":"Feature","id":"node/3198206550","properties":{"@id":"node/3198206550","level":"0","railway":"subway_entrance","ref":"3"},"geometry":{"type":"Point","coordinates":[121.5451079,25.0414486]}},
{"type":"Feature","id":"node/3198206553","properties":{"@id":"node/3198206553","level":"0","railway":"subway_entrance","ref":"4"},"geometry":{"type":"Point","coordinates":[121.5450368,25.0417603]}},
{"type":"Feature","id":"node/3198206554","properties":{"@id":"node/3198206554","level":"0","railway":"subway_entrance","ref":"1"},"geometry":{"type":"Point","coordinates":[121.5431264,25.0417929]}},
{"type":"Feature","id":"node/3216077271","properties":{"@id":"node/3216077271","railway":"subway_entrance","ref":"2"},"geometry":{"type":"Point","coordinates":[121.5275395,25.0341986]}},
{"type":"Feature","id":"node/3216077385","properties":{"@id":"node/3216077385","railway":"subway_entrance","ref":"3"},"geometry":{"type":"Point","coordinates":[121.5278344,25.0337368]}},
{"type":"Feature","id":"node/3220179013","properties":{"@id":"node/3220179013","name":"捷運土城站2號出口","name:en":"Tucheng Station Exit 2","name:zh":"捷運土城站2號出口","railway":"subway_entrance","ref":"2"},"geometry":{"type":"Point","coordinates":[121.4437167,24.9727828]}},
{"type":"Feature","id":"node/3220179014","properties":{"@id":"node/3220179014","name":"捷運土城站1號出口","name:en":"Tucheng Station Exit 1","name:zh":"捷運土城站1號出口","railway":"subway_entrance","ref":"1"},"geometry":{"type":"Point","coordinates":[121.4442325,24.9733081]}},
{"type":"Feature","id":"node/3220179015","properties":{"@id":"node/3220179015","name":"捷運土城站3號出口","name:en":"Tucheng Station Exit 3","name:zh":"捷運土城站3號出口","railway":"subway_entrance","ref":"3"},"geometry":{"type":"Point","coordinates":[121.4452468,24.9737361]}},
{"type":"Feature","id":"node/3221768723","properties":{"@id":"node/3221768723","level":"0","railway":"subway_entrance","ref":"7","wheelchair":"no"},"geometry":{"type":"Point","coordinates":[121.5201953,25.0627023]}},
{"type":"Feature","id":"node/3221770058","properties":{"@id":"node/3221770058","level":"0","railway":"subway_entrance","ref":"8","wheelchair":"no"},"geometry":{"type":"Point","coordinates":[121.5205751,25.0626876]}},
{"type":"Feature","id":"node/3221770059","properties":{"@id":"node/3221770059","level":"0","railway":"subway_entrance","ref":"9","wheelchair":"no"},"geometry":{"type":"Point","coordinates":[121.5206136,25.0629533]}},
{"type":"Feature","id":"node/3221770885","properties":{"@id":"node/3221770885","level":"0","railway":"subway_entrance","ref":"10","wheelchair":"no"},"geometry":{"type":"Point","coordinates":[121.5201532,25.062964]}},
{"type":"Feature","id":"node/3221770918","properties":{"@id":"node/3221770918","level":"0","railway":"subway_entrance","ref":"1","wheelchair":"no"},"geometry":{"type":"Point","coordinates":[121.5205912,25.0575061]}},
{"type":"Feature","id":"node/3229482482","properties":{"@id":"node/3229482482","level":"0","railway":"subway_entrance","wheelchair":"yes"},"geometry":{"type":"Point","coordinates":[121.53768,24.9581339]}},
{"type":"Feature","id":"node/3229482484","properties":{"@id":"node/3229482484","level":"0","railway":"subway_entrance","ref":"2","wheelchair":"no"},"geometry":{"type":"Point","coordinates":[121.5206013,25.0578233]}},
{"type":"Feature","id":"node/3232527369","properties":{"@id":"node/3232527369","name":"安康公園","railway":"subway_entrance","ref":"3","wheelchair":"yes"},"geometry":{"type":"Point","coordinates":[121.6120744,25.0670264]}},
{"type":"Feature","id":"node/3262986269","properties":{"@id":"node/3262986269","access":"no","emergency":"yes","name":"延平北路緊急出口","railway":"subway_entrance","ref":"5"},"geometry":{"type":"Point","coordinates":[121.5119828,25.0484523]}},
{"type":"Feature","id":"node/3263506466","properties":{"@id":"node/3263506466","name":"西門捷運站2號出口","railway":"subway_entrance","ref":"2","wheelchair":"limited"},"geometry":{"type":"Point","coordinates":[121.5083595,25.0414529]}},
{"type":"Feature","id":"node/3263840837","properties":{"@id":"node/3263840837","name":"西門地下街1號出入口","name:zh":"西門地下街1號出入口","name:zh-Hans":"西门地下街1号出入口","name:zh-Hant":"西門地下街1號出入口","railway":"subway_entrance","ref":"1"},"geometry":{"type":"Point","coordinates":[121.5093627,25.0436315]}},
{"type":"Feature","id":"node/3270311563","properties":{"@id":"node/3270311563","railway":"subway_entrance","ref":"8"},"geometry":{"type":"Point","coordinates":[121.5289623,25.034073]}},
{"type":"Feature","id":"node/3270313561","properties":{"@id":"node/3270313561","railway":"subway_entrance","ref":"6"},"geometry":{"type":"Point","coordinates":[121.5298345,25.0338826]}},
{"type":"Feature","id":"node/3270313763","properties":{"@id":"node/3270313763","railway":"subway_entrance","ref":"5","wheelchair":"no"},"geometry":{"type":"Point","coordinates":[121.5294852,25.0336524]}},
{"type":"Feature","id":"node/3270313764","properties":{"@id":"node/3270313764","railway":"subway_entrance","ref":"7"},"geometry":{"type":"Point","coordinates":[121.529635,25.0339103]}},
{"type":"Feature","id":"node/3270313864","properties":{"@id":"node/3270313864","railway":"subway_entrance","ref":"4"},"geometry":{"type":"Point","coordinates":[121.5288682,25.0337404]}},
{"type":"Feature","id":"node/3270313865","properties":{"@id":"node/3270313865","railway":"subway_entrance","ref":"1"},"geometry":{"type":"Point","coordinates":[121.5279288,25.0341346]}},
{"type":"Feature","id":"node/3270336880","properties":{"@id":"node/3270336880","level":"0","railway":"subway_entrance","ref":"5","wheelchair":"no"},"geometry":{"type":"Point","coordinates":[121.5362939,25.0332477]}},
{"type":"Feature","id":"node/3270339880","properties":{"@id":"node/3270339880","level":"-1","railway":"subway_entrance","ref":"4"},"geometry":{"type":"Point","coordinates":[121.5355779,25.0331592]}},
{"type":"Feature","id":"node/3270339881","properties":{"@id":"node/3270339881","level":"0","railway":"subway_entrance","ref":"6"},"geometry":{"type":"Point","coordinates":[121.5360234,25.0338462]}},
{"type":"Feature","id":"node/3270343269","properties":{"@id":"node/3270343269","level":"-1","railway":"subway_entrance","ref":"3"},"geometry":{"type":"Point","coordinates":[121.5350866,25.0331792]}},
{"type":"Feature","id":"node/3270343682","properties":{"@id":"node/3270343682","level":"0","name":"大安森林公園站1號出口","railway":"subway_entrance","ref":"1","toilets:wheelchair":"yes","wheelchair":"no"},"geometry":{"type":"Point","coordinates":[121.5344443,25.0337828]}},
{"type":"Feature","id":"node/3270346882","properties":{"@id":"node/3270346882","level":"0","railway":"subway_entrance","ref":"2","wheelchair":"no"},"geometry":{"type":"Point","coordinates":[121.5345205,25.0333092]}},
{"type":"Feature","id":"node/3273405873","properties":{"@id":"node/3273405873","name":"捷運木柵站1號出口","name:en":"MRT Muzha Station Exit 1","name:zh":"捷運木柵站1號出口","railway":"subway_entrance"},"geometry":{"type":"Point","coordinates":[121.5733614,24.9981589]}},
{"type":"Feature","id":"node/3273406572","properties":{"@id":"node/3273406572","railway":"subway_entrance","wheelchair":"yes"},"geometry":{"type":"Point","coordinates":[121.5439768,25.0607576]}},
{"type":"Feature","id":"node/3273406580","properties":{"@id":"node/3273406580","railway":"subway_entrance","ref":"1","wheelchair":"yes"},"geometry":{"type":"Point","coordinates":[121.5436981,25.0260244]}},
{"type":"Feature","id":"node/3273406731","properties":{"@id":"node/3273406731","name":"捷運麟光站1號出口","name:en":"MRT Linguang Station Exit 1","name:zh":"捷運麟光站1號出口","railway":"subway_entrance","wheelchair":"yes"},"geometry":{"type":"Point","coordinates":[121.5586496,25.0186436]}},
{"type":"Feature","id":"node/3273407867","properties":{"@id":"node/3273407867","railway":"subway_entrance","wheelchair":"yes"},"geometry":{"type":"Point","coordinates":[121.5527435,25.0238155]}},
{"type":"Feature","id":"node/3273605568","properties":{"@id":"node/3273605568","railway":"subway_entrance","ref":"1"},"geometry":{"type":"Point","coordinates":[121.5298338,24.971878]}},
{"type":"Feature","id":"node/3273605569","properties":{"@id":"node/3273605569","railway":"subway_entrance","ref":"2"},"geometry":{"type":"Point","coordinates":[121.5300883,24.973196]}},
{"type":"Feature","id":"node/3273605570","properties":{"@id":"node/3273605570","name":"捷運萬芳社區站1號出口","name:en":"MRT Wanfang Community Station Exit 1","name:zh":"捷運萬芳社區站1號出口","railway":"subway_entrance"},"geometry":{"type":"Point","coordinates":[121.568043,24.9986881]}},
{"type":"Feature","id":"node/3273605571","properties":{"@id":"node/3273605571","railway":"subway_entrance"},"geometry":{"type":"Point","coordinates":[121.5577023,24.9993749]}},
{"type":"Feature","id":"node/3273605572","properties":{"@id":"node/3273605572","railway":"subway_entrance","wheelchair":"no"},"geometry":{"type":"Point","coordinates":[121.5568535,25.0050751]}},
{"type":"Feature","id":"node/3273605573","properties":{"@id":"node/3273605573","railway":"subway_entrance","ref":"6"},"geometry":{"type":"Point","coordinates":[121.5330024,25.0407793]}},
{"type":"Feature","id":"node/3273605574","properties":{"@id":"node/3273605574","railway":"subway_entrance","ref":"5","wheelchair":"no"},"geometry":{"type":"Point","coordinates":[121.5322774,25.0410722]}},
{"type":"Feature","id":"node/3273605575","properties":{"@id":"node/3273605575","railway":"subway_entrance","ref":"7"},"geometry":{"type":"Point","coordinates":[121.5330249,25.041679]}},
{"type":"Feature","id":"node/3273605576","properties":{"@id":"node/3273605576","railway":"subway_entrance","ref":"3"},"geometry":{"type":"Point","coordinates":[121.5336795,25.0417417]}},
{"type":"Feature","id":"node/3273605577","properties":{"@id":"node/3273605577","railway":"subway_entrance","ref":"5"},"geometry":{"type":"Point","coordinates":[121.5439501,25.0420086]}},
{"type":"Feature","id":"node/3273605578","properties":{"@id":"node/3273605578","railway":"subway_entrance","ref":"4","wheelchair":"no"},"geometry":{"type":"Point","coordinates":[121.5332046,25.0424584]}},
{"type":"Feature","id":"node/3273605579","properties":{"@id":"node/3273605579","level":"0","railway":"subway_entrance","ref":"3","wheelchair":"no"},"geometry":{"type":"Point","coordinates":[121.519822,25.0617554]}},
{"type":"Feature","id":"node/3273605580","properties":{"@id":"node/3273605580","level":"0","railway":"subway_entrance","ref":"2","wheelchair":"no"},"geometry":{"type":"Point","coordinates":[121.5196316,25.0618614]}},
{"type":"Feature","id":"node/3273605581","properties":{"@id":"node/3273605581","level":"0","railway":"subway_entrance","ref":"4","wheelchair":"no"},"geometry":{"type":"Point","coordinates":[121.5198576,25.0619382]}},
{"type":"Feature","id":"node/3273605582","properties":{"@id":"node/3273605582","name":"捷運中山國小站3號出口","name:en":"MRT Zhongshan Elementary School Station Exit 3","name:zh":"捷運中山國小站3號出口","railway":"subway_entrance","ref":"3","wheelchair":"no"},"geometry":{"type":"Point","coordinates":[121.5271766,25.0624358]}},
{"type":"Feature","id":"node/3273605583","properties":{"@id":"node/3273605583","name":"捷運中山國小站2號出口","name:en":"MRT Zhongshan Elementary School Station Exit 2","name:zh":"捷運中山國小站2號出口","railway":"subway_entrance","ref":"2","wheelchair":"no"},"geometry":{"type":"Point","coordinates":[121.5259092,25.0624551]}},
{"type":"Feature","id":"node/3273605584","properties":{"@id":"node/3273605584","name":"捷運中山國小站4號出口","name:en":"MRT Zhongshan Elementary School Station Exit 4","name:zh":"捷運中山國小站4號出口","railway":"subway_entrance","ref":"4","wheelchair":"yes"},"geometry":{"type":"Point","coordinates":[121.5267469,25.0628224]}},
{"type":"Feature","id":"node/3273605585","properties":{"@id":"node/3273605585","name":"捷運中山國小站1號出口","name:en":"MRT Zhongshan Elementary School Station Exit 1","name:zh":"捷運中山國小站1號出口","railway":"subway_entrance","ref":"1","wheelchair":"no"},"geometry":{"type":"Point","coordinates":[121.5259347,25.0628336]}},
{"type":"Feature","id":"node/3273605586","properties":{"@id":"node/3273605586","level":"0","railway":"subway_entrance","ref":"1","wheelchair":"no"},"geometry":{"type":"Point","coordinates":[121.5122626,25.0631526]}},
{"type":"Feature","id":"node/3273605587","properties":{"@id":"node/3273605587","level":"0","railway":"subway_entrance","ref":"5","wheelchair":"no"},"geometry":{"type":"Point","coordinates":[121.5187807,25.0632098]}},
{"type":"Feature","id":"node/3273605588","properties":{"@id":"node/3273605588","railway":"subway_entrance","ref":"2","wheelchair":"no"},"geometry":{"type":"Point","coordinates":[121.5132018,25.0631815]}},
{"type":"Feature","id":"node/3273605589","properties":{"@id":"node/3273605589","level":"0","railway":"subway_entrance","ref":"3","wheelchair":"no"},"geometry":{"type":"Point","coordinates":[121.5134306,25.0638491]}},
{"type":"Feature","id":"node/3273605590","properties":{"@id":"node/3273605590","railway":"subway_entrance","ref":"3"},"geometry":{"type":"Point","coordinates":[121.5471117,25.0794398]}},
{"type":"Feature","id":"node/3273605591","properties":{"@id":"node/3273605591","railway":"subway_entrance","ref":"2","wheelchair":"yes"},"geometry":{"type":"Point","coordinates":[121.5468429,25.0796058]}},
{"type":"Feature","id":"node/3273605592","properties":{"@id":"node/3273605592","railway":"subway_entrance","ref":"1"},"geometry":{"type":"Point","coordinates":[121.5470552,25.0802371]}},
{"type":"Feature","id":"node/3273605593","properties":{"@id":"node/3273605593","level":"0","railway":"subway_entrance","ref":"2"},"geometry":{"type":"Point","coordinates":[121.524741,25.0832822]}},
{"type":"Feature","id":"node/3273605595","properties":{"@id":"node/3273605595","railway":"subway_entrance","ref":"2","wheelchair":"yes"},"geometry":{"type":"Point","coordinates":[121.5264446,25.0928256]}},
{"type":"Feature","id":"node/3273605596","properties":{"@id":"node/3273605596","railway":"subway_entrance","ref":"1","toilets:wheelchair":"yes","wheelchair":"yes"},"geometry":{"type":"Point","coordinates":[121.5259759,25.0942269]}},
{"type":"Feature","id":"node/3343597134","properties":{"@id":"node/3343597134","name":"捷運江子翠站1號出口","name:en":"MRT Jiangzicui Station Exit 1","name:zh":"捷運江子翠站1號出口","railway":"subway_entrance","ref":"1","wheelchair":"no"},"geometry":{"type":"Point","coordinates":[121.471911,25.0302778]}},
{"type":"Feature","id":"node/3343597135","properties":{"@id":"node/3343597135","name":"捷運江子翠站2號出口","name:en":"MRT Jiangzicui Station Exit 2","name:zh":"捷運江子翠站1號出口","railway":"subway_entrance","ref":"2","wheelchair":"no"},"geometry":{"type":"Point","coordinates":[121.4719266,25.0297928]}},
{"type":"Feature","id":"node/3343597136","properties":{"@id":"node/3343597136","name":"捷運江子翠站4號出口","name:en":"MRT Jiangzicui Station Exit 4","name:zh":"捷運江子翠站4號出口","railway":"subway_entrance","ref":"4","wheelchair":"no"},"geometry":{"type":"Point","coordinates":[121.4726701,25.0297457]}},
{"type":"Feature","id":"node/3355534993","properties":{"@id":"node/3355534993","name":"捷運大安站5號出口","name:en":"MRT Daan Station Exit 5","name:zh":"捷運大安站5號出口","railway":"subway_entrance","ref":"5","toilets:wheelchair":"yes","wheelchair":"yes"},"geometry":{"type":"Point","coordinates":[121.5438665,25.0329033]}},
{"type":"Feature","id":"node/3355535193","properties":{"@id":"node/3355535193","name":"捷運大安站4號出口","name:en":"MRT Daan Station Exit 4","name:zh":"捷運大安站4號出口","railway":"subway_entrance","ref":"4"},"geometry":{"type":"Point","coordinates":[121.5439863,25.0330604]}},
{"type":"Feature","id":"node/3355535194","properties":{"@id":"node/3355535194","name":"捷運大安站1號出口","name:en":"MRT Daan Station Exit 1","name:zh":"捷運大安站1號出口","railway":"subway_entrance","ref":"1"},"geometry":{"type":"Point","coordinates":[121.5419974,25.0336366]}},
{"type":"Feature","id":"node/3355535293","properties":{"@id":"node/3355535293","name":"大安站6號出口","railway":"subway_entrance","ref":"6","wheelchair":"no","wheelchair:description":"沒有坡道 不方便"},"geometry":{"type":"Point","coordinates":[121.5437804,25.0341819]}},
{"type":"Feature","id":"node/3355535493","properties":{"@id":"node/3355535493","name":"捷運大安站2號出口","name:en":"MRT Daan Station Exit 2","name:zh":"捷運大安站2號出口","railway":"subway_entrance","ref":"2","wheelchair":"no"},"geometry":{"type":"Point","coordinates":[121.5416244,25.0336466]}},
{"type":"Feature","id":"node/3432650393","properties":{"@id":"node/3432650393","railway":"subway_entrance","wheelchair":"yes"},"geometry":{"type":"Point","coordinates":[121.5046653,24.9937112]}},
{"type":"Feature","id":"node/3444714021","properties":{"@id":"node/3444714021","name":"府中站2號出口","name:en":"Fuzhong Station Exit 2","name:zh":"府中站2號出口","railway":"subway_entrance","ref":"2","wheelchair":"no"},"geometry":{"type":"Point","coordinates":[121.4593608,25.0089001]}},
{"type":"Feature","id":"node/3444714022","properties":{"@id":"node/3444714022","name":"府中站1號出口","name:en":"Fuzhong Station Exit 1","name:zh":"府中站1號出口","railway":"subway_entrance","ref":"1"},"geometry":{"type":"Point","coordinates":[121.4590032,25.008389]}},
{"type":"Feature","id":"node/3444714023","properties":{"@id":"node/3444714023","name":"府中站3號出口","name:en":"Fuzhong Station Exit 3","name:zh":"府中站3號出口","railway":"subway_entrance","ref":"3","wheelchair":"no"},"geometry":{"type":"Point","coordinates":[121.4589933,25.0092457]}},
{"type":"Feature","id":"node/3505143594","properties":{"@id":"node/3505143594","level":"0","railway":"subway_entrance","ref":"M7"},"geometry":{"type":"Point","coordinates":[121.5186555,25.046061]}},
{"type":"Feature","id":"node/3505143596","properties":{"@id":"node/3505143596","railway":"subway_entrance","ref":"Y21","wheelchair":"no"},"geometry":{"type":"Point","coordinates":[121.5122444,25.0499766]}},
{"type":"Feature","id":"node/3505143693","properties":{"@id":"node/3505143693","level":"0","railway":"subway_entrance","ref":"M4"},"geometry":{"type":"Point","coordinates":[121.5173846,25.046473]}},
{"type":"Feature","id":"node/3505143793","properties":{"@id":"node/3505143793","level":"0","railway":"subway_entrance","ref":"M3"},"geometry":{"type":"Point","coordinates":[121.5177943,25.046293]}},
{"type":"Feature","id":"node/3505143993","properties":{"@id":"node/3505143993","level":"0","railway":"subway_entrance","ref":"M5"},"geometry":{"type":"Point","coordinates":[121.5161582,25.0467795]}},
{"type":"Feature","id":"node/3505143998","properties":{"@id":"node/3505143998","railway":"subway_entrance","ref":"Y9","wheelchair":"limited"},"geometry":{"type":"Point","coordinates":[121.5158039,25.0490388]}},
{"type":"Feature","id":"node/3505144000","properties":{"@id":"node/3505144000","railway":"subway_entrance","ref":"Y26"},"geometry":{"type":"Point","coordinates":[121.5115694,25.0497574]}},
{"type":"Feature","id":"node/3505144002","properties":{"@id":"node/3505144002","railway":"subway_entrance","ref":"Y27","wheelchair":"no"},"geometry":{"type":"Point","coordinates":[121.510663,25.0503037]}},
{"type":"Feature","id":"node/3505144196","properties":{"@id":"node/3505144196","railway":"subway_entrance","ref":"Y17","wheelchair":"no"},"geometry":{"type":"Point","coordinates":[121.5137089,25.0494896]}},
{"type":"Feature","id":"node/3505144197","properties":{"@id":"node/3505144197","railway":"subway_entrance","ref":"Y19","wheelchair":"no"},"geometry":{"type":"Point","coordinates":[121.5129463,25.0497129]}},
{"type":"Feature","id":"node/3505145593","properties":{"@id":"node/3505145593","railway":"subway_entrance","ref":"Y10","wheelchair":"yes"},"geometry":{"type":"Point","coordinates":[121.5161726,25.0486302]}},
{"type":"Feature","id":"node/3505145993","properties":{"@id":"node/3505145993","railway":"subway_entrance","ref":"Y12","wheelchair":"no"},"geometry":{"type":"Point","coordinates":[121.5156098,25.0487211]}},
{"type":"Feature","id":"node/3505145996","properties":{"@id":"node/3505145996","railway":"subway_entrance","ref":"Y23","wheelchair":"no"},"geometry":{"type":"Point","coordinates":[121.5116838,25.0501153]}},
{"type":"Feature","id":"node/3505146395","properties":{"@id":"node/3505146395","railway":"subway_entrance","ref":"Y25","wheelchair":"no"},"geometry":{"type":"Point","coordinates":[121.5113046,25.0501875]}},
{"type":"Feature","id":"node/3550277944","properties":{"@id":"node/3550277944","name":"捷運台北101/世貿站3號出口","name:en":"MRT Taipei 101/World Trade Center Station Exit 3","name:zh":"捷運台北101/世貿站3號出口","railway":"subway_entrance","ref":"3"},"geometry":{"type":"Point","coordinates":[121.5631663,25.0327981]}},
{"type":"Feature","id":"node/3550280123","properties":{"@id":"node/3550280123","name":"捷運台北101/世貿站2號出口","name:en":"MRT Taipei 101/World Trade Center Station Exit 2","name:zh":"捷運台北101/世貿站2號出口","name:zh-Hans":"捷运台北101/世贸站2号出口","name:zh-Hant":"捷運台北101/世貿站2號出口","railway":"subway_entrance","ref":"2"},"geometry":{"type":"Point","coordinates":[121.5617454,25.0328385]}},
{"type":"Feature","id":"node/3550879485","properties":{"@id":"node/3550879485","railway":"subway_entrance","ref":"2"},"geometry":{"type":"Point","coordinates":[121.5520848,25.0330745]}},
{"type":"Feature","id":"node/3550879486","properties":{"@id":"node/3550879486","railway":"subway_entrance","ref":"3"},"geometry":{"type":"Point","coordinates":[121.553223,25.0330417]}},
{"type":"Feature","id":"node/3550879487","properties":{"@id":"node/3550879487","railway":"subway_entrance","ref":"4"},"geometry":{"type":"Point","coordinates":[121.553454,25.0330397]}},
{"type":"Feature","id":"node/3550879488","properties":{"@id":"node/3550879488","railway":"subway_entrance","ref":"5"},"geometry":{"type":"Point","coordinates":[121.5535107,25.0333509]}},
{"type":"Feature","id":"node/3550879489","properties":{"@id":"node/3550879489","railway":"subway_entrance","ref":"1"},"geometry":{"type":"Point","coordinates":[121.5525783,25.0336196]}},
{"type":"Feature","id":"node/3636598298","properties":{"@id":"node/3636598298","name":"出口2 (永福岩祖師廟)","railway":"subway_entrance","ref":"2","wheelchair":"no"},"geometry":{"type":"Point","coordinates":[121.4183676,24.958846]}},
{"type":"Feature","id":"node/3636598299","properties":{"@id":"node/3636598299","name":"出口3 (大暖路)","railway":"subway_entrance","ref":"3","wheelchair":"yes"},"geometry":{"type":"Point","coordinates":[121.4195792,24.9594659]}},
{"type":"Feature","id":"node/3636598300","properties":{"@id":"node/3636598300","name":"出口4 (三民路)","railway":"subway_entrance","ref":"4","wheelchair":"yes"},"geometry":{"type":"Point","coordinates":[121.4199364,24.9602516]}},
{"type":"Feature","id":"node/3689300568","properties":{"@id":"node/3689300568","name":"出口1（松信路）","railway":"subway_entrance","ref":"1"},"geometry":{"type":"Point","coordinates":[121.5745438,25.0410065]}},
{"type":"Feature","id":"node/3689309410","properties":{"@id":"node/3689309410","name":"出口2（松山工農）","railway":"subway_entrance","ref":"2"},"geometry":{"type":"Point","coordinates":[121.5751821,25.0407778]}},
{"type":"Feature","id":"node/3689309411","properties":{"@id":"node/3689309411","name":"出口5（富台國宅）","railway":"subway_entrance","ref":"5","wheelchair":"yes"},"geometry":{"type":"Point","coordinates":[121.5767264,25.0409662]}},
{"type":"Feature","id":"node/3689309412","properties":{"@id":"node/3689309412","name":"出口4（虎林街）","railway":"subway_entrance","ref":"4","wheelchair":"no"},"geometry":{"type":"Point","coordinates":[121.5766784,25.040758]}},
{"type":"Feature","id":"node/3689309413","properties":{"@id":"node/3689309413","name":"出口3（忠孝東路五段）","railway":"subway_entrance","ref":"3","wheelchair":"no"},"geometry":{"type":"Point","coordinates":[121.5764047,25.0407686]}},
{"type":"Feature","id":"node/3689350528","properties":{"@id":"node/3689350528","bicycle":"yes","name":"出口2（國家文官學院）","name:zh":"出口2（國家文官學院）","name:zh-Hans":"出口2（国家文官学院）","name:zh-Hant":"出口2（國家文官學院）","railway":"subway_entrance","ref":"2","wheelchair":"yes"},"geometry":{"type":"Point","coordinates":[121.6077637,25.0519869]}},
{"type":"Feature","id":"node/3689350529","properties":{"@id":"node/3689350529","name":"出口1（忠孝東路七段）","name:zh":"出口1（忠孝東路七段）","name:zh-Hans":"出口1（忠孝东路七段）","name:zh-Hant":"出口1（忠孝東路七段）","railway":"subway_entrance","ref":"1"},"geometry":{"type":"Point","coordinates":[121.6065959,25.0518267]}},
{"type":"Feature","id":"node/3689381737","properties":{"@id":"node/3689381737","name":"出口1","railway":"subway_entrance","ref":"1","wheelchair":"yes"},"geometry":{"type":"Point","coordinates":[121.6081591,25.0724768]}},
{"type":"Feature","id":"node/3689381738","properties":{"@id":"node/3689381738","name":"出口2","railway":"subway_entrance","ref":"2"},"geometry":{"type":"Point","coordinates":[121.607321,25.0724086]}},
{"type":"Feature","id":"node/3689390420","properties":{"@id":"node/3689390420","name":"出口1","railway":"subway_entrance","ref":"1"},"geometry":{"type":"Point","coordinates":[121.6026582,25.0838544]}},
{"type":"Feature","id":"node/3689390421","properties":{"@id":"node/3689390421","name":"出口2","railway":"subway_entrance","ref":"2"},"geometry":{"type":"Point","coordinates":[121.6023357,25.0832621]}},
{"type":"Feature","id":"node/3695574989","properties":{"@id":"node/3695574989","access":"no","emergency":"yes","railway":"subway_entrance","toilets:wheelchair":"yes","wheelchair":"yes"},"geometry":{"type":"Point","coordinates":[121.5413729,24.9667417]}},
{"type":"Feature","id":"node/3699438548","properties":{"@id":"node/3699438548","name":"內湖捷運站2號出口","railway":"subway_entrance","ref":"2"},"geometry":{"type":"Point","coordinates":[121.5945455,25.0835151]}},
{"type":"Feature","id":"node/3699440333","properties":{"@id":"node/3699440333","name":"捷運圓山站出口2","name:en":"MRT Yuanshan Station Exit 2","name:zh":"捷運圓山站出口2","railway":"subway_entrance","ref":"2","wheelchair":"yes"},"geometry":{"type":"Point","coordinates":[121.5200896,25.071585]}},
{"type":"Feature","id":"node/3699440334","properties":{"@id":"node/3699440334","addr:city":"台北市","addr:country":"TW","addr:district":"大同區","addr:full":"104台北市大同區酒泉街9之1號","addr:housenumber":"9之1","addr:postcode":"104","addr:street":"酒泉街","level":"0","name":"捷運圓山站出口1","name:en":"MRT Yuanshan Exit 1","name:zh":"捷運圓山站出口1","railway":"subway_entrance","ref":"1","website":"https://www.metro.taipei/","wheelchair":"yes","wheelchair:description":"輪椅坡道"},"geometry":{"type":"Point","coordinates":[121.5200697,25.0709126]}},
{"type":"Feature","id":"node/3699456777","properties":{"@id":"node/3699456777","name":"捷運唭哩岸站出口2","railway":"subway_entrance","ref":"2","toilets:wheelchair":"yes","wheelchair":"yes"},"geometry":{"type":"Point","coordinates":[121.5060254,25.1208314]}},
{"type":"Feature","id":"node/3699456778","properties":{"@id":"node/3699456778","name":"捷運唭哩岸站出口1","railway":"subway_entrance","ref":"1"},"geometry":{"type":"Point","coordinates":[121.5069683,25.1207167]}},
{"type":"Feature","id":"node/3699813329","properties":{"@id":"node/3699813329","railway":"subway_entrance","ref":"Y28"},"geometry":{"type":"Point","coordinates":[121.5108058,25.0499144]}},
{"type":"Feature","id":"node/3707479441","properties":{"@id":"node/3707479441","description":"M6出口 台北凱薩飯店","level":"0","railway":"subway_entrance","ref":"M6","wheelchair":"no","wheelchair:description":"要從另一邊的入口進入"},"geometry":{"type":"Point","coordinates":[121.5168062,25.0461142]}},
{"type":"Feature","id":"node/3859737802","properties":{"@id":"node/3859737802","level":"0","name":"芝山站2號出口","name:en":"Zhishan Station Exit 2","name:zh":"芝山站2號出口","railway":"subway_entrance","ref":"2","toilets:wheelchair":"yes","wheelchair":"yes"},"geometry":{"type":"Point","coordinates":[121.5223804,25.1038348]}},
{"type":"Feature","id":"node/3859737803","properties":{"@id":"node/3859737803","level":"0","name":"芝山站1號出口","name:en":"Zhishan Station Exit 1","name:zh":"芝山站1號出口","railway":"subway_entrance","ref":"1","toilets:wheelchair":"yes","wheelchair":"yes"},"geometry":{"type":"Point","coordinates":[121.522642,25.1023089]}},
{"type":"Feature","id":"node/3910458609","properties":{"@id":"node/3910458609","name":"出口2 (建國一路)","name:en":"Exit 2 (Jianguo 1st Road)","name:zh":"出口2 (建國一路)","railway":"subway_entrance","ref":"2","wheelchair":"yes"},"geometry":{"type":"Point","coordinates":[121.435249,25.0323201]}},
{"type":"Feature","id":"node/4085141466","properties":{"@id":"node/4085141466","name":"亞東醫院站2號出口","name:en":"Far Eastern Hospital Exit 2","name:zh":"亞東醫院站2號出口","railway":"subway_entrance","ref":"2"},"geometry":{"type":"Point","coordinates":[121.4523299,24.9981802]}},
{"type":"Feature","id":"node/4085141468","properties":{"@id":"node/4085141468","name":"亞東醫院站3號出口","name:en":"Far Eastern Hospital Exit 3","name:zh":"亞東醫院站3號出口","railway":"subway_entrance","ref":"3"},"geometry":{"type":"Point","coordinates":[121.4529125,24.9988263]}},
{"type":"Feature","id":"node/4085141470","properties":{"@id":"node/4085141470","name":"亞東醫院站1號出口","name:en":"Far Eastern Hospital Exit 1","name:zh":"亞東醫院站1號出口","railway":"subway_entrance","ref":"1"},"geometry":{"type":"Point","coordinates":[121.4525492,24.9988737]}},
{"type":"Feature","id":"node/4213191342","properties":{"@id":"node/4213191342","entrance":"yes","level":"0","name":"捷運象山站2號出口","name:en":"MRT Xiangshan Station Exit 2","name:zh":"捷運象山站2號出口","railway":"subway_entrance","ref":"2","wheelchair":"yes"},"geometry":{"type":"Point","coordinates":[121.5699504,25.0322713]}},
{"type":"Feature","id":"node/4235796403","properties":{"@id":"node/4235796403","access":"no","emergency":"yes","railway":"subway_entrance","wheelchair":"no"},"geometry":{"type":"Point","coordinates":[121.5084558,25.0436511]}},
{"type":"Feature","id":"node/4236824111","properties":{"@id":"node/4236824111","name":"捷運南勢角站4號出口","name:en":"MRT Nanshijiao Station Exit 4","name:zh":"捷運南勢角站4號出口","railway":"subway_entrance","ref":"4"},"geometry":{"type":"Point","coordinates":[121.5098335,24.9896496]}},
{"type":"Feature","id":"node/4302077472","properties":{"@id":"node/4302077472","name":"汐科火車站北入口","railway":"subway_entrance","wheelchair":"yes"},"geometry":null},
{"type":"Feature","id":"node/4311433973","properties":{"@id":"node/4311433973","name":"內湖捷運站1號出口","railway":"subway_entrance","ref":"1"},"geometry":{"type":"Point","coordinates":[121.5943349,25.0837244]}},
{"type":"Feature","id":"node/4325694147","properties":{"@id":"node/4325694147","entrance":"yes","level":"0","name":"捷運象山站3號出口","name:en":"MRT Xiangshan Station Exit 3","name:zh":"捷運象山站1號出口","railway":"subway_entrance","ref":"3","wheelchair":"no"},"geometry":{"type":"Point","coordinates":[121.5706739,25.0329607]}},
{"type":"Feature","id":"node/4325694148","properties":{"@id":"node/4325694148","entrance":"yes","level":"0","name":"捷運象山站1號出口","name:en":"MRT Xiangshan Station Exit 1","name:zh":"捷運象山站1號出口","railway":"subway_entrance","ref":"1","wheelchair":"no"},"geometry":{"type":"Point","coordinates":[121.5693029,25.0329988]}},
{"type":"Feature","id":"node/4325694211","properties":{"@id":"node/4325694211","highway":"elevator","level":"-1;0","name":"電梯","railway":"subway_entrance","wheelchair":"yes"},"geometry":{"type":"Point","coordinates":[121.569812,25.0329675]}},
{"type":"Feature","id":"node/4329768660","properties":{"@id":"node/4329768660","name":"1","railway":"subway_entrance","wheelchair":"yes"},"geometry":{"type":"Point","coordinates":[121.5010006,25.1260795]}},
{"type":"Feature","id":"node/4329769450","properties":{"@id":"node/4329769450","name":"1號出口","railway":"subway_entrance","ref":"1"},"geometry":{"type":"Point","coordinates":[121.51902,25.1094428]}},
{"type":"Feature","id":"node/4330703773","properties":{"@id":"node/4330703773","level":"0","railway":"subway_entrance","ref":"2"},"geometry":{"type":"Point","coordinates":[121.4668365,25.1254559]}},
{"type":"Feature","id":"node/4330703774","properties":{"@id":"node/4330703774","level":"0","railway":"subway_entrance","ref":"1"},"geometry":{"type":"Point","coordinates":[121.4672297,25.1254803]}},
{"type":"Feature","id":"node/4330704411","properties":{"@id":"node/4330704411","name":"1號出口","railway":"subway_entrance","ref":"1"},"geometry":{"type":"Point","coordinates":[121.4983617,25.1322006]}},
{"type":"Feature","id":"node/4330704425","properties":{"@id":"node/4330704425","name":"一號出口","railway":"subway_entrance","ref":"1"},"geometry":{"type":"Point","coordinates":[121.4853416,25.1376088]}},
{"type":"Feature","id":"node/4359016295","properties":{"@id":"node/4359016295","name":"捷運昆陽站(2號出口)","railway":"subway_entrance","ref":"2","wheelchair":"yes"},"geometry":{"type":"Point","coordinates":[121.5929075,25.0504287]}},
{"type":"Feature","id":"node/4359016296","properties":{"@id":"node/4359016296","name":"捷運昆陽站(3號出口)","name:zh":"捷運昆陽站(3號出口)","railway":"subway_entrance","ref":"3"},"geometry":{"type":"Point","coordinates":[121.5935576,25.0505823]}},
{"type":"Feature","id":"node/4399019831","properties":{"@id":"node/4399019831","railway":"subway_entrance","ref":"1","wheelchair":"yes"},"geometry":null},
{"type":"Feature","id":"node/4399019832","properties":{"@id":"node/4399019832","railway":"subway_entrance","ref":"2","wheelchair":"no"},"geometry":null},
{"type":"Feature","id":"node/4406419433","properties":{"@id":"node/4406419433","entrance":"staircase","name":"Y11","railway":"subway_entrance","repeat_on":"-1-0","wheelchair":"no"},"geometry":{"type":"Point","coordinates":[121.5155813,25.0490738]}},
{"type":"Feature","id":"node/4406419435","properties":{"@id":"node/4406419435","entrance":"staircase","name":"Y13","railway":"subway_entrance","repeat_on":"-1-0","wheelchair":"yes"},"geometry":{"type":"Point","coordinates":[121.5148447,25.0494559]}},
{"type":"Feature","id":"node/4406419436","properties":{"@id":"node/4406419436","entrance":"staircase","name":"Y14","railway":"subway_entrance","repeat_on":"-1-0"},"geometry":{"type":"Point","coordinates":[121.5149615,25.0488643]}},
{"type":"Feature","id":"node/4406419437","properties":{"@id":"node/4406419437","entrance":"staircase","name":"Y15","railway":"subway_entrance","repeat_on":"-1-0","wheelchair":"no"},"geometry":{"type":"Point","coordinates":[121.5143713,25.0493313]}},
{"type":"Feature","id":"node/4406419438","properties":{"@id":"node/4406419438","entrance":"staircase","name":"Y16","railway":"subway_entrance","repeat_on":"-1-0"},"geometry":{"type":"Point","coordinates":[121.5146406,25.0489354]}},
{"type":"Feature","id":"node/4406419440","properties":{"@id":"node/4406419440","entrance":"staircase","name":"Y18","railway":"subway_entrance","repeat_on":"-1-0","wheelchair":"no"},"geometry":{"type":"Point","coordinates":[121.5140345,25.0490649]}},
{"type":"Feature","id":"node/4450977724","properties":{"@id":"node/4450977724","highway":"elevator","railway":"subway_entrance","wheelchair":"yes"},"geometry":{"type":"Point","coordinates":[121.435267,25.0325177]}},
{"type":"Feature","id":"node/4483333691","properties":{"@id":"node/4483333691","level":"0","name":"捷運劍潭站 一號出口","railway":"subway_entrance","ref":"1","toilets:wheelchair":"yes","wheelchair":"no"},"geometry":{"type":"Point","coordinates":[121.5251984,25.0851271]}},
{"type":"Feature","id":"node/4524864003","properties":{"@id":"node/4524864003","level":"0","name":"東區地下街出入口2","railway":"subway_entrance","ref":"2"},"geometry":{"type":"Point","coordinates":[121.5517024,25.0416155]}},
{"type":"Feature","id":"node/4524864004","properties":{"@id":"node/4524864004","level":"0","name":"東區地下街出入口1","railway":"subway_entrance","ref":"1"},"geometry":{"type":"Point","coordinates":[121.5505277,25.0416331]}},
{"type":"Feature","id":"node/4720474757","properties":{"@id":"node/4720474757","name":"工地門","railway":"subway_entrance"},"geometry":{"type":"Point","coordinates":[121.5943147,25.0514164]}},
{"type":"Feature","id":"node/4812440884","properties":{"@id":"node/4812440884","name":"康寧公園","railway":"subway_entrance","ref":"1","wheelchair":"yes"},"geometry":{"type":"Point","coordinates":[121.610961,25.0672012]}},
{"type":"Feature","id":"node/4838087777","properties":{"@id":"node/4838087777","access":"no","emergency":"yes","railway":"subway_entrance","ref":"48"},"geometry":{"type":"Point","coordinates":[121.5098014,25.0471402]}},
{"type":"Feature","id":"node/4838646737","properties":{"@id":"node/4838646737","level":"1","railway":"subway_entrance","ref":"1A"},"geometry":{"type":"Point","coordinates":[121.4825991,25.054895]}},
{"type":"Feature","id":"node/4899551431","properties":{"@id":"node/4899551431","access":"no","railway":"subway_entrance"},"geometry":{"type":"Point","coordinates":[121.5114402,25.0473624]}},
{"type":"Feature","id":"node/4958026454","properties":{"@id":"node/4958026454","entrance":"yes","railway":"subway_entrance"},"geometry":{"type":"Point","coordinates":[121.515031,25.0486147]}},
{"type":"Feature","id":"node/5021873865","properties":{"@id":"node/5021873865","entrance":"yes","name":"1號出入口","railway":"subway_entrance"},"geometry":{"type":"Point","coordinates":[121.5149689,25.048539]}},
{"type":"Feature","id":"node/5021873866","properties":{"@id":"node/5021873866","name":"2號出入口","railway":"subway_entrance"},"geometry":{"type":"Point","coordinates":[121.5144956,25.0487954]}},
{"type":"Feature","id":"node/5021873867","properties":{"@id":"node/5021873867","name":"3號出入口","railway":"subway_entrance"},"geometry":{"type":"Point","coordinates":[121.5136831,25.0489815]}},
{"type":"Feature","id":"node/5021873868","properties":{"@id":"node/5021873868","name":"5號出入口","railway":"subway_entrance"},"geometry":{"type":"Point","coordinates":[121.5126776,25.0488034]}},
{"type":"Feature","id":"node/5021873869","properties":{"@id":"node/5021873869","name":"6號出入口","railway":"subway_entrance"},"geometry":{"type":"Point","coordinates":[121.5121947,25.0494338]}},
{"type":"Feature","id":"node/5021873870","properties":{"@id":"node/5021873870","name":"7號出入口","railway":"subway_entrance"},"geometry":{"type":"Point","coordinates":[121.5120237,25.0492877]}},
{"type":"Feature","id":"node/5023330234","properties":{"@id":"node/5023330234","name":"4號出入口","railway":"subway_entrance"},"geometry":{"type":"Point","coordinates":[121.5135956,25.0485943]}},
{"type":"Feature","id":"node/5250007549","properties":{"@id":"node/5250007549","description":"無障礙電梯","highway":"elevator","level":"0;2","railway":"subway_entrance","ref":"1","wheelchair":"yes"},"geometry":{"type":"Point","coordinates":[121.5552207,25.0852359]}},
{"type":"Feature","id":"node/5283420224","properties":{"@id":"node/5283420224","level":"0","name":"2號出口 (和信醫院)","railway":"subway_entrance","ref":"2"},"geometry":{"type":"Point","coordinates":[121.4735131,25.130933]}},
{"type":"Feature","id":"node/5318551122","properties":{"@id":"node/5318551122","entrance":"staircase","name":"Y20","railway":"subway_entrance","repeat_on":"-1-0"},"geometry":{"type":"Point","coordinates":[121.5137224,25.0492155]}},
{"type":"Feature","id":"node/5490093322","properties":{"@id":"node/5490093322","description":"大橋頭捷運站（1號出口電梯）","highway":"elevator","level":"0;-2","railway":"subway_entrance","ref":"1","wheelchair":"yes"},"geometry":{"type":"Point","coordinates":[121.5126032,25.0632062]}},
{"type":"Feature","id":"node/5551847522","properties":{"@id":"node/5551847522","name":"捷運大安站3號出口","name:en":"MRT Daan Station Exit 3","name:zh":"捷運大安站3號出口","railway":"subway_entrance","ref":"3","wheelchair":"no","wheelchair:description":"只有台階沒有坡道"},"geometry":{"type":"Point","coordinates":[121.5425799,25.0332563]}},
{"type":"Feature","id":"node/5551909605","properties":{"@id":"node/5551909605","name":"大安站6號出口","railway":"subway_entrance","ref":"6","wheelchair":"no","wheelchair:description":"沒有坡道 不方便"},"geometry":{"type":"Point","coordinates":[121.5436956,25.0342572]}},
{"type":"Feature","id":"node/5832304210","properties":{"@id":"node/5832304210","level":"0","name":"捷運紅樹林站1號出口","name:en":"MRT Hongshulin Station Exit 1","name:zh":"捷運紅樹林站2號出口","railway":"subway_entrance","ref":"1"},"geometry":{"type":"Point","coordinates":[121.4590643,25.1544759]}},
{"type":"Feature","id":"node/5837289609","properties":{"@id":"node/5837289609","level":"0","name":"捷運紅樹林站2號出口","name:en":"MRT Hongshulin Station Exit 2","name:zh":"捷運紅樹林站2號出口","railway":"subway_entrance","ref":"2"},"geometry":{"type":"Point","coordinates":[121.4587439,25.1542636]}},
{"type":"Feature","id":"node/6138830471","properties":{"@id":"node/6138830471","entrance":"main","name":"中正東路二段出口","railway":"subway_entrance"},"geometry":{"type":"Point","coordinates":[121.4590061,25.1554692]}},
{"type":"Feature","id":"node/6181694198","properties":{"@id":"node/6181694198","name":"出口 1","name:en":"Exit 1","name:zh":"出口 1","railway":"subway_entrance","ref":"1"},"geometry":null},
{"type":"Feature","id":"node/6332292611","properties":{"@id":"node/6332292611","name":"出口 1","name:en":"EXIT 1","name:zh":"出口 1","name:zh-Hans":"出口 1","name:zh-Hant":"出口 1","railway":"subway_entrance","ref":"1","wheelchair":"yes"},"geometry":{"type":"Point","coordinates":[121.6172301,25.0557484]}},
{"type":"Feature","id":"node/6426139794","properties":{"@id":"node/6426139794","name":"捷運新埔站4號出口","name:en":"MRT Xinpu Station Exit 4","name:zh":"捷運新埔站4號出口","railway":"subway_entrance","ref":"4"},"geometry":{"type":"Point","coordinates":[121.4686216,25.0237442]}},
{"type":"Feature","id":"node/6437969471","properties":{"@id":"node/6437969471","name":"捷運麟光站2號出口","name:en":"MRT Linguang Station Exit 2","name:zh":"捷運麟光站2號出口","railway":"subway_entrance","wheelchair":"yes"},"geometry":{"type":"Point","coordinates":[121.5588962,25.0182534]}},
{"type":"Feature","id":"node/6482849462","properties":{"@id":"node/6482849462","name":"捷運南勢角站3號出口","name:en":"MRT Nanshijiao Station Exit3","name:zh":"捷運南勢角站4號出口","railway":"subway_entrance","wheelchair":"yes"},"geometry":{"type":"Point","coordinates":[121.5091768,24.9899829]}},
{"type":"Feature","id":"node/6482849463","properties":{"@id":"node/6482849463","name":"捷運南勢角站2號出口","name:en":"MRT Nanshijiao Station Exit 2","name:zh":"捷運南勢角站2號出口","railway":"subway_entrance","ref":"2","wheelchair":"yes"},"geometry":{"type":"Point","coordinates":[121.508399,24.9903645]}},
{"type":"Feature","id":"node/6482849464","properties":{"@id":"node/6482849464","name":"捷運南勢角站1號出口","name:en":"MRT Nanshijiao Station Exit 1","name:zh":"捷運南勢角站1號出口","railway":"subway_entrance","wheelchair":"yes"},"geometry":{"type":"Point","coordinates":[121.5075889,24.9906927]}},
{"type":"Feature","id":"node/6618003408","properties":{"@id":"node/6618003408","level":"1","name":"1號出口","railway":"subway_entrance","ref":"1","wheelchair":"limited"},"geometry":{"type":"Point","coordinates":[121.503521,25.1369558]}},
{"type":"Feature","id":"node/6681649179","properties":{"@id":"node/6681649179","railway":"subway_entrance","ref":"1"},"geometry":{"type":"Point","coordinates":[121.6058314,25.0520408]}},
{"type":"Feature","id":"node/6865431285","properties":{"@id":"node/6865431285","name":"3號出口","railway":"subway_entrance","ref":"3"},"geometry":{"type":"Point","coordinates":[121.518559,25.1099675]}},
{"type":"Feature","id":"node/6886468241","properties":{"@id":"node/6886468241","level":"0","old_ref":"4","railway":"subway_entrance","ref":"1A"},"geometry":{"type":"Point","coordinates":[121.5117039,25.0633771]}},
{"type":"Feature","id":"node/6924948075","properties":{"@id":"node/6924948075","name":"出口 5","name:en":"Exit 5","name:zh":"出口 5","name:zh-Hant":"出口 5","railway":"subway_entrance","ref":"5","wheelchair":"yes"},"geometry":{"type":"Point","coordinates":[121.5431119,24.9827382]}},
{"type":"Feature","id":"node/7106020102","properties":{"@id":"node/7106020102","highway":"elevator","level":"-1;0","name":"1號出口 (電梯)","name:en":"Exit 1 (Elevator)","name:zh":"1號出口 (電梯)","railway":"subway_entrance","ref":"1","wheelchair":"yes"},"geometry":{"type":"Point","coordinates":[121.5178547,25.0330358]}},
{"type":"Feature","id":"node/7183717877","properties":{"@id":"node/7183717877","level":"0","name":"捷運景平站1號出口","name:en":"MRT Jingping Station Exit 1","name:zh":"捷運景平站1號出口","railway":"subway_entrance","ref":"1","wheelchair":"yes"},"geometry":{"type":"Point","coordinates":[121.5162474,24.9919655]}},
{"type":"Feature","id":"node/7189264822","properties":{"@id":"node/7189264822","name":"捷運秀朗橋站1號出口","name:en":"MRT Xiulang Bridge Station Exit 1","name:zh":"捷運秀朗橋站1號出口","railway":"subway_entrance","ref":"1","wheelchair":"yes"},"geometry":{"type":"Point","coordinates":[121.5253555,24.9905509]}},
{"type":"Feature","id":"node/7189264823","properties":{"@id":"node/7189264823","name":"捷運秀朗橋站2號出口","name:en":"MRT Xiulang Bridge Station Exit 2","name:zh":"捷運秀朗橋站2號出口","railway":"subway_entrance","ref":"2","wheelchair":"yes"},"geometry":{"type":"Point","coordinates":[121.5249524,24.9905556]}},
{"type":"Feature","id":"node/7191222733","properties":{"@id":"node/7191222733","name":"捷運板橋站4號出口","name:en":"MRT Banqiao Station Exit 4","name:zh":"捷運板橋站4號出口","railway":"subway_entrance","ref":"4","wheelchair":"yes"},"geometry":{"type":"Point","coordinates":[121.4649966,25.0151435]}},
{"type":"Feature","id":"node/7191222734","properties":{"@id":"node/7191222734","name":"捷運板橋站5號出口","name:en":"MRT Banqiao Station Exit 5","name:zh":"捷運板橋站5號出口","railway":"subway_entrance","ref":"5","wheelchair":"yes"},"geometry":{"type":"Point","coordinates":[121.4644849,25.0154737]}},
{"type":"Feature","id":"node/7191222735","properties":{"@id":"node/7191222735","name":"捷運新埔站4號出口","name:en":"MRT Xinpu Minsheng Station Exit 1","name:zh":"捷運新埔民生站1號出口","railway":"subway_entrance","ref":"1","wheelchair":"yes"},"geometry":{"type":"Point","coordinates":[121.4669358,25.0261812]}},
{"type":"Feature","id":"node/7191222736","properties":{"@id":"node/7191222736","name":"捷運板新站1號出口","name:en":"MRT Banxin Station Exit 1","name:zh":"捷運板新站1號出口","railway":"subway_entrance","ref":"1","wheelchair":"yes"},"geometry":{"type":"Point","coordinates":[121.4720858,25.0144837]}},
{"type":"Feature","id":"node/7191222737","properties":{"@id":"node/7191222737","name":"捷運中原站1號出口","name:en":"MRT Zhongyuan Station Exit 1","name:zh":"捷運中原站1號出口","railway":"subway_entrance","ref":"1","wheelchair":"yes"},"geometry":{"type":"Point","coordinates":[121.4844344,25.0081968]}},
{"type":"Feature","id":"node/7191222738","properties":{"@id":"node/7191222738","name":"捷運橋和站1號出口","name:en":"MRT Qiaohe Station Exit 1","name:zh":"捷運橋和站1號出口","railway":"subway_entrance","ref":"1","wheelchair":"yes"},"geometry":{"type":"Point","coordinates":[121.4902612,25.0047729]}},
{"type":"Feature","id":"node/7191222739","properties":{"@id":"node/7191222739","name":"捷運中和站1號出口","name:en":"MRT Zhonghe Station Exit 1","name:zh":"捷運中和站1號出口","railway":"subway_entrance","ref":"1","wheelchair":"yes"},"geometry":{"type":"Point","coordinates":[121.4964995,25.0022171]}},
{"type":"Feature","id":"node/7191222740","properties":{"@id":"node/7191222740","name":"捷運十四張站1號出口","name:en":"MRT Shisizhang Station Exit 1","name:zh":"捷運十四張站1號出口","railway":"subway_entrance","ref":"1","wheelchair":"yes"},"geometry":{"type":"Point","coordinates":[121.5297696,24.9831809]}},
{"type":"Feature","id":"node/7417629527","properties":{"@id":"node/7417629527","railway":"subway_entrance","ref":"2"},"geometry":{"type":"Point","coordinates":[121.4593881,25.1368955]}},
{"type":"Feature","id":"node/7417629528","properties":{"@id":"node/7417629528","railway":"subway_entrance","ref":"1"},"geometry":{"type":"Point","coordinates":[121.4597154,25.1369489]}},
{"type":"Feature","id":"node/7417629543","properties":{"@id":"node/7417629543","level":"0","railway":"subway_entrance","ref":"3"},"geometry":{"type":"Point","coordinates":[121.4455034,25.1676097]}},
{"type":"Feature","id":"node/7417629544","properties":{"@id":"node/7417629544","level":"0","railway":"subway_entrance","ref":"2"},"geometry":{"type":"Point","coordinates":[121.4457206,25.1678389]}},
{"type":"Feature","id":"node/7417629545","properties":{"@id":"node/7417629545","level":"0","railway":"subway_entrance","ref":"1"},"geometry":{"type":"Point","coordinates":[121.4453984,25.1680816]}},
{"type":"Feature","id":"node/7662746686","properties":{"@id":"node/7662746686","level":"0","railway":"subway_entrance","ref":"3"},"geometry":{"type":"Point","coordinates":[121.5249333,25.0845072]}},
{"type":"Feature","id":"node/7707251148","properties":{"@id":"node/7707251148","name":"芝山站2號出口","railway":"subway_entrance","ref":"2"},"geometry":{"type":"Point","coordinates":[121.5223798,25.1038382]}},
{"type":"Feature","id":"node/7813817889","properties":{"@id":"node/7813817889","description":"祇設有樓梯及往車站電扶梯 Escalator towards concourse and Staircase only","name":"先嗇宮站 (3號出口)","name:en":"Xianse Temple Station (Exit 3)","name:zh":"先嗇宮站 (3號出口)","railway":"subway_entrance","ref":"3","wheelchair":"no"},"geometry":{"type":"Point","coordinates":[121.4717741,25.0462769]}},
{"type":"Feature","id":"node/7813817890","properties":{"@id":"node/7813817890","description":"祇設有樓梯及往地面電扶梯 Escalator towards surface and Staircase only","name":"先嗇宮站 (2號出口)","name:en":"Xianse Temple Station (Exit 2)","name:zh":"先嗇宮站 (2號出口)","railway":"subway_entrance","ref":"2","wheelchair":"no"},"geometry":{"type":"Point","coordinates":[121.471287,25.0461136]}},
{"type":"Feature","id":"node/7813817891","properties":{"@id":"node/7813817891","bicycle":"yes","name":"先嗇宮站 (1號出口)","name:en":"Xianse Temple Station (Exit 1)","name:zh":"先嗇宮站 (1號出口)","railway":"subway_entrance","ref":"1","wheelchair":"yes"},"geometry":{"type":"Point","coordinates":[121.4714199,25.046489]}},
{"type":"Feature","id":"node/8013101848","properties":{"@id":"node/8013101848","highway":"elevator","level":"-1;0","name":"2號出口 (電梯)","name:en":"Exit 2 (Elevator)","name:zh":"2號出口 (電梯)","railway":"subway_entrance","ref":"2","wheelchair":"yes"},"geometry":{"type":"Point","coordinates":[121.5348458,25.0145753]}},
{"type":"Feature","id":"node/8044395053","properties":{"@id":"node/8044395053","railway":"subway_entrance"},"geometry":null},
{"type":"Feature","id":"node/8044395064","properties":{"@id":"node/8044395064","railway":"subway_entrance"},"geometry":null},
{"type":"Feature","id":"node/8044437776","properties":{"@id":"node/8044437776","railway":"subway_entrance"},"geometry":null},
{"type":"Feature","id":"node/8044442692","properties":{"@id":"node/8044442692","railway":"subway_entrance","ref":"2"},"geometry":null},
{"type":"Feature","id":"node/8044442693","properties":{"@id":"node/8044442693","railway":"subway_entrance","ref":"1"},"geometry":null},
{"type":"Feature","id":"node/8664518337","properties":{"@id":"node/8664518337","name":"出口 1","name:en":"Exit 1","name:zh":"出口 1","railway":"subway_entrance","ref":"1","wheelchair":"no"},"geometry":null},
{"type":"Feature","id":"node/8664518338","properties":{"@id":"node/8664518338","name":"出口 3","name:en":"Exit 3","name:zh":"出口 3","railway":"subway_entrance","ref":"3","wheelchair":"yes"},"geometry":null},
{"type":"Feature","id":"node/8664518339","properties":{"@id":"node/8664518339","name":"出口 2","name:en":"Exit 2","name:zh":"出口 2","railway":"subway_entrance","ref":"2","wheelchair":"yes"},"geometry":null},
{"type":"Feature","id":"node/8794571808","properties":{"@id":"node/8794571808","name":"出口1 (頂埔街)","railway":"subway_entrance","ref":"1"},"geometry":{"type":"Point","coordinates":[121.4183681,24.9593115]}},
{"type":"Feature","id":"node/8804418088","properties":{"@id":"node/8804418088","level":"1","name":"2號出口","railway":"subway_entrance","ref":"2","wheelchair":"limited"},"geometry":{"type":"Point","coordinates":[121.5023859,25.1368587]}},
{"type":"Feature","id":"node/8805718361","properties":{"@id":"node/8805718361","name":"2號出口","railway":"subway_entrance","ref":"2"},"geometry":{"type":"Point","coordinates":[121.518733,25.1100553]}},
{"type":"Feature","id":"node/9250144670","properties":{"@id":"node/9250144670","highway":"elevator","level":"0;-1","railway":"subway_entrance","wheelchair":"yes"},"geometry":{"type":"Point","coordinates":[121.5206829,25.0581822]}},
{"type":"Feature","id":"node/9272040187","properties":{"@id":"node/9272040187","highway":"elevator","level":"-1;0","railway":"subway_entrance","wheelchair":"yes"},"geometry":{"type":"Point","coordinates":[121.5203991,25.0532242]}},
{"type":"Feature","id":"node/9373325210","properties":{"@id":"node/9373325210","railway":"subway_entrance","ref":"1"},"geometry":null},
{"type":"Feature","id":"node/9373325211","properties":{"@id":"node/9373325211","railway":"subway_entrance","ref":"2"},"geometry":null},
{"type":"Feature","id":"node/9756354131","properties":{"@id":"node/9756354131","highway":"elevator","railway":"subway_entrance","ref":"2A","wheelchair":"yes"},"geometry":{"type":"Point","coordinates":[121.5525641,25.0328895]}},
{"type":"Feature","id":"node/9853258083","properties":{"@id":"node/9853258083","level":"0","name":"2號入口","railway":"subway_entrance","ref":"2"},"geometry":{"type":"Point","coordinates":[121.4992901,25.1310232]}},
{"type":"Feature","id":"node/9864977723","properties":{"@id":"node/9864977723","name":"出口 4","name:en":"Exit 4","name:zh":"出口 4","railway":"subway_entrance","ref":"4","wheelchair":"yes"},"geometry":null},
{"type":"Feature","id":"node/9952975582","properties":{"@id":"node/9952975582","railway":"subway_entrance","ref":"1"},"geometry":null},
{"type":"Feature","id":"node/9952975595","properties":{"@id":"node/9952975595","railway":"subway_entrance","ref":"2"},"geometry":null},
{"type":"Feature","id":"node/10569191071","properties":{"@id":"node/10569191071","highway":"elevator","level":"0;-2","railway":"subway_entrance","wheelchair":"yes"},"geometry":{"type":"Point","coordinates":[121.5361392,25.0332923]}},
{"type":"Feature","id":"node/10736293286","properties":{"@id":"node/10736293286","name":"2","railway":"subway_entrance","wheelchair":"yes"},"geometry":{"type":"Point","coordinates":[121.5010784,25.1252797]}},
{"type":"Feature","id":"node/10736293287","properties":{"@id":"node/10736293287","name":"3","railway":"subway_entrance","wheelchair":"yes"},"geometry":{"type":"Point","coordinates":[121.5012648,25.12531]}},
{"type":"Feature","id":"node/11387164678","properties":{"@id":"node/11387164678","level":"0","railway":"subway_entrance","ref":"3"},"geometry":{"type":"Point","coordinates":[121.5350895,25.0333089]}},
{"type":"Feature","id":"node/11387164680","properties":{"@id":"node/11387164680","level":"0","railway":"subway_entrance","ref":"4"},"geometry":{"type":"Point","coordinates":[121.535582,25.0332977]}},
{"type":"Feature","id":"node/11508578205","properties":{"@id":"node/11508578205","highway":"elevator","level":"-2;-1;0;1;2","railway":"subway_entrance","ref":"2","wheelchair":"yes"},"geometry":{"type":"Point","coordinates":[121.5553281,25.0844696]}},
{"type":"Feature","id":"node/11539784030","properties":{"@id":"node/11539784030","highway":"elevator","level":"0;3","railway":"subway_entrance","ref":"2"},"geometry":{"type":"Point","coordinates":[121.5305324,24.9729618]}},
{"type":"Feature","id":"node/11539784031","properties":{"@id":"node/11539784031","highway":"elevator","level":"0;3","railway":"subway_entrance","ref":"1"},"geometry":{"type":"Point","coordinates":[121.5297066,24.9719475]}},
{"type":"Feature","id":"node/11597007640","properties":{"@id":"node/11597007640","highway":"elevator","level":"0;-2","railway":"subway_entrance","ref":"1","wheelchair":"yes"},"geometry":{"type":"Point","coordinates":[121.4590724,25.008538]}},
{"type":"Feature","id":"node/12078089508","properties":{"@id":"node/12078089508","highway":"elevator","level":"-3;-2;0","railway":"subway_entrance","ref":"2","wheelchair":"yes"},"geometry":{"type":"Point","coordinates":[121.5512357,25.041625]}},
{"type":"Feature","id":"node/12102715582","properties":{"@id":"node/12102715582","name":"捷運秀朗橋站天橋","name:en":"MRT Xiulang Bridge Pedestrian Overpass","name:zh":"捷運秀朗橋站天橋","railway":"subway_entrance","ref":"天橋","wheelchair":"yes"},"geometry":{"type":"Point","coordinates":[121.5248238,24.9901785]}},
{"type":"Feature","id":"node/12218579386","properties":{"@id":"node/12218579386","name":"出口電梯 (南港路一段)","name:en":"Elevator (Nangang Rd. Sec. 1)","name:zh":"出口電梯 (南港路一段)","name:zh-Hans":"出口电梯 (南港路一段)","name:zh-Hant":"出口電梯 (南港路一段)","railway":"subway_entrance","wheelchair":"yes"},"geometry":{"type":"Point","coordinates":[121.6173282,25.0548031]}},
{"type":"Feature","id":"node/12382177935","properties":{"@id":"node/12382177935","level":"0","railway":"subway_entrance","wheelchair":"no"},"geometry":{"type":"Point","coordinates":[121.5193544,25.0632423]}},
{"type":"Feature","id":"node/12382238384","properties":{"@id":"node/12382238384","highway":"elevator","level":"0;-2","railway":"subway_entrance","ref":"10","wheelchair":"yes"},"geometry":{"type":"Point","coordinates":[121.5202193,25.0629787]}},
{"type":"Feature","id":"node/12397933012","properties":{"@id":"node/12397933012","highway":"elevator","level":"-1;0","railway":"subway_entrance","ref":"1","wheelchair":"designated"},"geometry":{"type":"Point","coordinates":[121.515795,25.0413559]}},
{"type":"Feature","id":"node/12397933030","properties":{"@id":"node/12397933030","highway":"elevator","level":"-1;0","railway":"subway_entrance","ref":"2","wheelchair":"designated"},"geometry":{"type":"Point","coordinates":[121.5166875,25.0412566]}},
{"type":"Feature","id":"node/12404378724","properties":{"@id":"node/12404378724","highway":"elevator","name":"捷運台北101/世貿站5號出口 (電梯)","name:en":"MRT Taipei 101/World Trade Center Station Exit 5 (Elevator)","name:zh":"捷運台北101/世貿站5號出口 (電梯)","name:zh-Hans":"捷运台北101/世贸站5号出口 (电梯)","name:zh-Hant":"捷運台北101/世貿站5號出口 (電梯)","railway":"subway_entrance","ref":"5","wheelchair":"designated"},"geometry":{"type":"Point","coordinates":[121.5632426,25.0331342]}},
{"type":"Feature","id":"node/12407407834","properties":{"@id":"node/12407407834","name":"後門","railway":"subway_entrance"},"geometry":{"type":"Point","coordinates":[121.5931174,25.0526401]}},
{"type":"Feature","id":"node/12416217860","properties":{"@id":"node/12416217860","railway":"subway_entrance"},"geometry":{"type":"Point","coordinates":[121.5113559,25.046795]}},
{"type":"Feature","id":"node/12416217878","properties":{"@id":"node/12416217878","railway":"subway_entrance"},"geometry":{"type":"Point","coordinates":[121.511318,25.0471497]}},
{"type":"Feature","id":"node/12416217892","properties":{"@id":"node/12416217892","railway":"subway_entrance"},"geometry":{"type":"Point","coordinates":[121.5113394,25.0470461]}},
{"type":"Feature","id":"node/12416364114","properties":{"@id":"node/12416364114","railway":"subway_entrance"},"geometry":{"type":"Point","coordinates":[121.5097374,25.0453413]}},
{"type":"Feature","id":"node/12433935207","properties":{"@id":"node/12433935207","name":"Y22","railway":"subway_entrance"},"geometry":{"type":"Point","coordinates":[121.512808,25.0493872]}},
{"type":"Feature","id":"node/12450882613","properties":{"@id":"node/12450882613","highway":"elevator","level":"-1;0","name":"5號出口 (電梯)","name:en":"Exit 5 (Elevator)","name:zh":"5號出口 (電梯)","railway":"subway_entrance","ref":"5","wheelchair":"yes"},"geometry":{"type":"Point","coordinates":[121.5171382,25.0351304]}},
{"type":"Feature","id":"node/12486590577","properties":{"@id":"node/12486590577","highway":"elevator","level":"-2;0","railway":"subway_entrance","ref":"2","wheelchair":"designated"},"geometry":{"type":"Point","coordinates":[121.5336075,25.0587874]}},
{"type":"Feature","id":"node/12595144224","properties":{"@id":"node/12595144224","railway":"subway_entrance","wheelchair":"yes"},"geometry":{"type":"Point","coordinates":[121.4358042,24.966105]}},
{"type":"Feature","id":"node/13108188460","properties":{"@id":"node/13108188460","name":"龍生綜合大樓","name:en":"Longsheng Common Building","railway":"subway_entrance","ref":"2","wheelchair":"yes"},"geometry":{"type":"Point","coordinates":[121.5431917,25.0258795]}},
{"type":"Feature","id":"node/13174943573","properties":{"@id":"node/13174943573","highway":"elevator","level":"-2;0","railway":"subway_entrance","ref":"5","wheelchair":"yes"},"geometry":{"type":"Point","coordinates":[121.5780864,25.0502779]}},
{"type":"Feature","id":"node/13174943585","properties":{"@id":"node/13174943585","level":"-1","railway":"subway_entrance","ref":"4A"},"geometry":{"type":"Point","coordinates":[121.5779361,25.049501]}},
{"type":"Feature","id":"node/13174943586","properties":{"@id":"node/13174943586","highway":"elevator","level":"-2;-1;0","railway":"subway_entrance","ref":"3","wheelchair":"yes"},"geometry":{"type":"Point","coordinates":[121.5774436,25.0498047]}},
{"type":"Feature","id":"node/13399005832","properties":{"@id":"node/13399005832","name":"出口2 第二航廈（國內線）","name:en":"Exit 2 Terminal 2 (Domestic Flights)","name:zh":"出口2 第二航廈（國內線）","railway":"subway_entrance","ref":"2","wheelchair":"yes"},"geometry":{"type":"Point","coordinates":[121.5512019,25.063529]}},
{"type":"Feature","id":"node/13399005833","properties":{"@id":"node/13399005833","name":"出口 1第一航廈（國際線）","name:en":"Exit 1 Terminal 1 (International Flights)","name:zh":"出口 1第一航廈（國際線）","railway":"subway_entrance","ref":"1","wheelchair":"yes"},"geometry":{"type":"Point","coordinates":[121.5519873,25.0635417]}},
{"type":"Feature","id":"node/13604848309","properties":{"@id":"node/13604848309","construction":"yes","name":"LG09站 C2出入口","railway":"subway_entrance"},"geometry":null},
{"type":"Feature","id":"node/13604848314","properties":{"@id":"node/13604848314","construction":"yes","name":"LG09站 C1 出入口","railway":"subway_entrance"},"geometry":null},
{"type":"Feature","id":"node/13604848315","properties":{"@id":"node/13604848315","construction":"yes","name":"LG10站 出入口A","railway":"subway_entrance"},"geometry":null},
{"type":"Feature","id":"node/13604848316","properties":{"@id":"node/13604848316","construction":"yes","name":"LG10站 出入口B","railway":"subway_entrance"},"geometry":null},
{"type":"Feature","id":"node/13604848317","properties":{"@id":"node/13604848317","construction":"yes","name":"LG10站 出入口C","railway":"subway_entrance"},"geometry":null},
{"type":"Feature","id":"node/13634295047","properties":{"@id":"node/13634295047","name":"ＡＴＭ","railway":"subway_entrance"},"geometry":{"type":"Point","coordinates":[121.4672522,25.0221574]}},
{"type":"Feature","id":"node/13634295048","properties":{"@id":"node/13634295048","name":"ＡＴＭ","railway":"subway_entrance"},"geometry":{"type":"Point","coordinates":[121.4672522,25.0221574]}},
{"type":"Feature","id":"node/13634295056","properties":{"@id":"node/13634295056","name":"大門","railway":"subway_entrance"},"geometry":{"type":"Point","coordinates":[121.4671953,25.0220336]}},
{"type":"Feature","id":"node/13634295057","properties":{"@id":"node/13634295057","name":"大門","railway":"subway_entrance"},"geometry":{"type":"Point","coordinates":[121.4671953,25.0220336]}},
{"type":"Feature","id":"node/13972733745","properties":{"@id":"node/13972733745","railway":"subway_entrance","ref":"1"},"geometry":{"type":"Point","coordinates":[121.3672536,24.939278]}},
{"type":"Feature","id":"node/13972733746","properties":{"@id":"node/13972733746","railway":"subway_entrance","ref":"2"},"geometry":{"type":"Point","coordinates":[121.3673079,24.9387112]}},
{"type":"Feature","id":"node/13976876443","properties":{"@id":"node/13976876443","railway":"subway_entrance","ref":"2"},"geometry":{"type":"Point","coordinates":[121.4126825,24.95401]}},
{"type":"Feature","id":"node/13976876444","properties":{"@id":"node/13976876444","railway":"subway_entrance","ref":"1"},"geometry":{"type":"Point","coordinates":[121.4119983,24.9534861]}},
{"type":"Feature","id":"node/13977010754","properties":{"@id":"node/13977010754","railway":"subway_entrance","ref":"2"},"geometry":{"type":"Point","coordinates":[121.3302518,24.9667213]}},
{"type":"Feature","id":"node/13977010755","properties":{"@id":"node/13977010755","railway":"subway_entrance","ref":"1"},"geometry":{"type":"Point","coordinates":[121.3300245,24.9669882]}},
{"type":"Feature","id":"node/13977010756","properties":{"@id":"node/13977010756","railway":"subway_entrance","ref":"1"},"geometry":{"type":"Point","coordinates":[121.334314,24.9608514]}},
{"type":"Feature","id":"node/13977010757","properties":{"@id":"node/13977010757","railway":"subway_entrance","ref":"2"},"geometry":{"type":"Point","coordinates":[121.3344589,24.9609547]}},
{"type":"Feature","id":"node/13977010758","properties":{"@id":"node/13977010758","railway":"subway_entrance","ref":"2"},"geometry":{"type":"Point","coordinates":[121.3425779,24.9542698]}},
{"type":"Feature","id":"node/13977010759","properties":{"@id":"node/13977010759","railway":"subway_entrance","ref":"1"},"geometry":{"type":"Point","coordinates":[121.3423204,24.9549568]}},
{"type":"Feature","id":"node/13977010760","properties":{"@id":"node/13977010760","railway":"subway_entrance","ref":"2"},"geometry":{"type":"Point","coordinates":[121.3492164,24.9526746]}},
{"type":"Feature","id":"node/13977010761","properties":{"@id":"node/13977010761","railway":"subway_entrance","ref":"1"},"geometry":{"type":"Point","coordinates":[121.3499701,24.9524387]}},
{"type":"Feature","id":"node/13977010765","properties":{"@id":"node/13977010765","railway":"subway_entrance","ref":"3"},"geometry":{"type":"Point","coordinates":[121.3564416,24.9526314]}},
{"type":"Feature","id":"node/13977010772","properties":{"@id":"node/13977010772","railway":"subway_entrance","ref":"2"},"geometry":{"type":"Point","coordinates":[121.3559457,24.9527835]}},
{"type":"Feature","id":"node/13977010773","properties":{"@id":"node/13977010773","railway":"subway_entrance","ref":"1"},"geometry":{"type":"Point","coordinates":[121.3560514,24.9533371]}},
{"type":"Feature","id":"node/13977010774","properties":{"@id":"node/13977010774","railway":"subway_entrance","ref":"1"},"geometry":{"type":"Point","coordinates":[121.3766138,24.9391036]}},
{"type":"Feature","id":"node/13977010775","properties":{"@id":"node/13977010775","railway":"subway_entrance","ref":"2"},"geometry":{"type":"Point","coordinates":[121.3768043,24.9384059]}},
{"type":"Feature","id":"node/13977010776","properties":{"@id":"node/13977010776","railway":"subway_entrance"},"geometry":{"type":"Point","coordinates":[121.3848053,24.9396769]}},
{"type":"Feature","id":"node/13977010777","properties":{"@id":"node/13977010777","railway":"subway_entrance"},"geometry":{"type":"Point","coordinates":[121.391529,24.9376717]}},
{"type":"Feature","id":"node/13977010778","properties":{"@id":"node/13977010778","railway":"subway_entrance","ref":"1"},"geometry":{"type":"Point","coordinates":[121.4031436,24.9446407]}},
{"type":"Feature","id":"node/13977010779","properties":{"@id":"node/13977010779","railway":"subway_entrance","ref":"2"},"geometry":{"type":"Point","coordinates":[121.4026353,24.9440291]}},
{"type":"Feature","id":"node/13977332619","properties":{"@id":"node/13977332619","railway":"subway_entrance","ref":"4"},"geometry":{"type":"Point","coordinates":[121.3565877,24.953121]}},
{"type":"Feature","id":"node/13977332621","properties":{"@id":"node/13977332621","railway":"subway_entrance"},"geometry":{"type":"Point","coordinates":[121.3563491,24.9530365]}},
{"type":"Feature","id":"node/14019081249","properties":{"@id":"node/14019081249","name":"1號出口 (水源市場)","name:en":"Exit 1 (Shuiyuan Market)","name:zh":"1號出口 (水源市場)","railway":"subway_entrance","ref":"1"},"geometry":{"type":"Point","coordinates":[121.5343241,25.0143467]}},
{"type":"Feature","id":"node/14019081252","properties":{"@id":"node/14019081252","highway":"elevator","level":"-1;0","name":"1號出口 (電梯)","name:en":"Exit 1 (Elevator)","name:zh":"1號出口 (電梯)","railway":"subway_entrance","ref":"1","wheelchair":"yes"},"geometry":{"type":"Point","coordinates":[121.5344467,25.0142758]}},
{"type":"Feature","id":"node/14019323189","properties":{"@id":"node/14019323189","highway":"elevator","level":"-1;0","name":"4號出口 (電梯)","name:en":"Exit 4 (Elevator)","name:zh":"4號出口 (電梯)","railway":"subway_entrance","ref":"4","wheelchair":"yes"},"geometry":{"type":"Point","coordinates":[121.5384625,25.0025416]}},
{"type":"Feature","id":"node/14019587883","properties":{"@id":"node/14019587883","highway":"elevator","level":"-1;0","name":"1號出口 (電梯)","name:en":"EXIT 1 (Elevator)","name:zh":"1號出口 (電梯)","railway":"subway_entrance","ref":"1","wheelchair":"yes"},"geometry":{"type":"Point","coordinates":[121.5407845,24.9920846]}},
{"type":"Feature","id":"node/14022131374","properties":{"@id":"node/14022131374","highway":"elevator","level":"-1;0","name":"出口 5 (電梯)","name:en":"EXIT 5 (Elevator)","name:zh":"出口 5 (電梯)","railway":"subway_entrance","ref":"5","wheelchair":"yes"},"geometry":{"type":"Point","coordinates":[121.5278892,25.0207231]}},
{"type":"Feature","id":"node/14134499628","properties":{"@id":"node/14134499628","railway":"subway_entrance","ref":"1"},"geometry":{"type":"Point","coordinates":[121.5818261,25.0374598]}},
{"type":"Feature","id":"node/14134499629","properties":{"@id":"node/14134499629","railway":"subway_entrance","ref":"2"},"geometry":{"type":"Point","coordinates":[121.5833586,25.0382848]}}
]
}
